AB Group,Description,DYS393,DYS390,DYS19,DYS391,DYS385,DYS426,DYS388,DYS439,DYS389i,DYS392,DYS389ii,DYS458,DYS459,DYS455,DYS454,DYS447,DYS437,DYS448,DYS449,DYS464,DYS460,Y-GATA-H4,YCAII,DYS456,DYS607,DYS576,DYS570,CDY,DYS442,DYS438
AB-001 (A+S),E1b-V22-BY7500,14,24,14,10,17-18,11,12,12,12,11,29,16,9-9,11,11,25,14,20,33,14-15-16-18,11,11,19-23,15,12,20,19,34-36,11,10
AB-002 (A+I),E1b-V22-CTS3116,13,23,14,10,18-19,11,12,13,13,11,30,17,9-9,11,11,26,14,21,35,15-16-16-17,11,11,19-21,15,12,18,17,33-33,11,10
AB-003 (A+S+I),E1b-V12-BY8536,13,23,13,10,14-16,11,12,12,13,11,30,16,9-9,11,11,25,14,19,33,13-15-15-17,11,10,19-22,17,12,16,14,35-35,12,10
AB-003b (A+S+I),E1b-V12-BY8536b,13,23,13,10,14-16,11,12,12,13,11,30,16,9-9,11,11,24,14,20,33,13-14-15-15,11,10,19-22,16,12,17,18,34-35,12,10
AB-004 (A),E1b-V12-BY8430,13,23,13,10,16-16,11,12,12,12,11,30,16,9-9,11,11,25,14,20,34,13-15-16-17,11,10,19-22,16,12,16,19,33-38,12,10
AB-005 (A+S),E1b-M84-Y14891,13,24,13,10,17-18,11,12,12,13,11,30,18,9-9,11,11,27,14,20,32,15-16-16-17,10,10,19-22,17,13,17,17,31-33,13,10
AB-006 (A),E1b-M84-PF6748-BY11078,13,25,13,10,16-16,11,12,12,13,11,31,18,9-9,11,11,26,14,20,34,15-15-16-16,10,10,18-22,15,12,18,20,31-32,13,10
AB-007 (A+I),E1b-Z841-Y6923,14,25,13,9,17-18,11,12,12,13,11,30,16,9-9,11,11,22,14,20,28,14-14-15-17,10,10,19-19,15,13,12,16,33-34,13,10
AB-007b (A+I),E1b-Z841-Y6923-S,13,24,13,9,16-17,11,12,12,15,11,32,17,9-9,9,11,21,14,20,29,14-14-15-16,10,10,19-19,15,13,12,16,33-34,12,10
AB-008 (A+I),E1b-Z830-PF1952-a,14,24,13,10,15-18,11,12,11,12,11,31,16,9-9,11,11,26,15,20,32,15-16-16-18,11,11,21-22,14,13,17,17,35-36,12,10
AB-008b (A+I),E1b-Z830-PF1952-b,14,24,13,10,15-18,11,12,11,12,11,31,15,9-9,11,11,26,15,20,34,15-16-16-17,11,11,21-22,14,13,17,16,35-37,12,10
AB-010 (A),E1b-Z830-PF1975,13,24,14,10,16-17,11,12,13,14,11,32,16,9-9,11,11,26,14,20,33,16-17-17-17,11,11,21-22,16,12,18,18,32-36,12,10
AB-011 (A),E1b-V13-L241-BY77657,13,24,13,10,17-17,11,12,12,13,11,30,15,8-9,11,11,26,14,20,32,16-16-17-17,9,11,19-21,15,12,18,21,32-34,11,10
AB-011b (A),E1b-V13-L241-2nd,13,24,13,10,16-18,11,12,12,13,11,30,15,9-9,11,11,27,14,20,32,16-16-17-17,9,11,19-21,16,12,17,20,32-33,12,10
AB-013 (A+S),E1b-V13-BT4282,13,24,13,10,16-16,11,12,11,13,11,30,16,9-9,11,11,26,14,20,30,14-16-17-17,9,11,19-21,17,12,17,20,30-34,10,10
AB-014 (A),E1b-M81-A5604,13,24,13,9,13-13,11,12,10,14,11,30,18,9-9,11,12,23,14,20,31,14-16-17-17,11,11,19-22,15,13,19,23,37-39,12,10
AB-015 (A+S),E1a-M44,13,22,16,9,15-17,11,12,12,12,12,30,15,9-9,11,11,24,16,20,32,15-15-17-17,10,10,18-21,16,12,19,19,34-35,11,10
AB-016 (A),T-Y16897-BY11520,13,23,14,10,15-16,11,12,12,12,13,29,17,9-9,11,13,26,14,18,33,11-13-15-19,10,9,22-23,16,14,17,16,38-39,11,9
AB-017 (A),T-CTS8862,13,22,13,10,13-16,11,12,12,14,13,31,17,9-9,11,12,26,15,20,34,11-11-15-16,11,11,23-25,15,13,18,18,34-35,13,9
AB-018 (A),T-P77-PF4074-a,13,23,14,10,14-16,11,12,11,14,13,30,17,9-9,11,13,26,14,20,33,11-11-16-16,10,10,23-24,17,14,17,16,35-36,11,9
AB-018b (A),T-P77-PF4074-FGC30203,13,23,14,11,14-16,11,12,11,14,13,30,17,9-9,11,13,26,14,20,34,11-11-11-13-16-18,10,10,23-23,17,14,17,16,35-36,11,9
AB-018c (A),T-P77-PF4074-Y72399,13,23,14,10,14-16,11,12,11,14,13,30,17,9-9,11,13,26,14,19,36,11-13-16-16,10,10,23-24,16,14,17,17,36-38,11,9
AB-020 (A),T-P77-Y31474-Z41760,13,23,14,10,14-16,11,12,11,14,13,31,16,9-9,11,13,28,14,19,33,11-13-16-16,10,10,23-25,16,13,16,18,35-36,12,9
AB-021 (A+S),T-L208-Z709,13,23,13,10,13-15,11,12,12,13,13,28,18,9-9,11,13,26,14,19,35,13-13-15-15,10,10,23-24,16,15,15,17,33-37,11,9
AB-022 (A+S),J1-ZS227-S12192,12,23,14,10,13-15,11,16,12,13,11,30,17,8-9,11,11,26,14,21,26,12-14-16-17,11,10,22-22,15,14,20,18,31-35,13,10
AB-022b (A+S?),J1-ZS227-Z18290,12,23,14,10,13-15,11,16,11,13,11,30,17,8-9,11,11,26,14,21,26,12-14-16-16,11,10,22-22,15,14,19,17,32-35,14,10
AB-022c (A+S?),J1-ZS227-ZS2434-FT46689,12,23,14,10,13-15,11,16,12,13,11,30,17,8-9,11,11,26,14,21,26,11-15-16-17,11,10,22-22,15,14,18,18,31-35,13,9
AB-022d (A+S?),J1-ZS227-ZS2434-BY172422,12,23,14,10,13-16,11,16,12,13,11,30,17,8-8,11,11,26,14,21,26,15-15-17-17,11,10,22-22,14,14,17,18,31-31,13,9
AB-022e (A+S?),J1-ZS227-Y18271-ZS2458-R,12,23,14,10,12-15,11,16,12,13,11,30,17,8-8,11,11,26,14,20,28,14-14-17-17,10,10,22-22,15,14,21,18,31-31,14,11
AB-022f (A+S?),J1-ZS227-S20075,12,23,14,10,13-16,11,15,11,13,11,31,17,8-9,11,11,26,14,20,25,13-13-15-16,11,10,22-22,15,15,19,17,32-35,12,10
AB-022g (A+S?),J1-ZS227-Y113483,12,23,15,10,13-15,11,16,13,13,11,30,17,8-8,11,11,25,14,21,26,14-14-17-17,11,10,22-22,15,14,19,18,31-31,13,10
AB-022h (A+S?),J1-ZS227-Z18283,12,23,14,10,13-15,11,16,12,13,11,30,18,8-8,11,12,26,14,21,27,14-14-17-17,11,10,22-22,15,14,21,18,31-31,13,10
AB-022i (A+S?),J1-ZS227-Z18271-FT34605,12,23,14,10,13-16,11,16,12,13,11,31,18,8-9,11,11,27,14,21,26,13-14-16-18,11,10,22-22,15,15,18,18,31-35,13,10
AB-022j (A+S?),J1-ZS227-Y5404,12,23,14,10,13-15,11,16,12,13,11,30,17,8-9,11,11,26,14,21,26,12-13-16-17,10,10,22-22,16,14,19,19,29-33,14,10
AB-022k (A+S?),J1-ZS227-BY55414,12,23,14,10,13-16,11,16,13,13,11,30,18,8-9,11,11,26,14,21,26,13-14-16-17,11,10,22-22,15,14,18,18,31-35,14,10
AB-022l (A+S?),J1-ZS227-Y3088,12,23,14,10,13-16,11,16,12,13,11,30,17,8-9,11,11,26,14,21,26,12-14-15-18,10,10,22-22,15,14,20,19,30-36,12,10
AB-022m (A+S?),J1-ZS227-S17446,12,23,14,10,13-15,11,17,12,13,11,29,16,8-9,11,11,26,14,21,26,12-14-17-17,11,10,22-22,15,14,18,17,32-34,14,10
AB-022n (A+S?),J1-ZS227-Y18271-ZS2458-E,12,22,14,11,12-16,11,16,12,13,11,30,17,8-9,11,11,26,14,21,27,12-14-16-17,10,10,22-22,15,14,18,17,31-34,13,10
AB-022o (A+S?),J1-ZS227-FT104457,12,23,14,10,12-15,11,16,12,13,11,32,17,8-9,11,11,26,14,21,27,12-14-16-17,10,11,22-22,16,14,19,17,30-35,13,10
AB-022p (A+S?),J1-ZS227-482971,12,23,14,10,13-15,11,16,12,13,11,30,17,8-9,11,11,26,14,21,26,12-14-14-17,11,10,22-22,15,14,19,18,31-34,14,10
AB-022q (A+S?),J1-ZS227-183650,12,23,14,10,13-16,11,16,11,13,11,30,17,8-9,11,11,26,14,21,26,12-14-16-17,11,10,22-22,15,14,18,19,31-34,15,10
AB-022r (A+S?),J1-ZS227-Y146901,12,23,14,10,13-16,11,16,13,13,11,30,17,8-9,11,11,26,14,21,25,12-14-16-18,11,10,22-22,15,14,19,18,32-36,11,10
AB-022s (A+S?),J1-ZS227-BY64521,12,23,14,10,13-16,11,16,11,13,11,30,17,8-9,11,11,26,14,21,27,13-14-16-17,11,10,22-22,15,14,19,18,31-35,14,10
AB-022t (A+S?),J1-ZS227-252433,12,23,14,10,13-16,11,16,12,13,12,30,18,8-9,11,11,26,14,21,26,12-14-16-17,11,10,22-22,15,14,19,18,32-35,13,10
AB-022u (A+S?),J1-ZS227-Z18290u,13,23,15,10,13-15,11,16,12,13,11,30,17,8-9,11,11,26,14,21,25,12-14-16-18,11,10,22-22,15,14,18,17,31-33,14,10
AB-022w (A+S?),J1-ZS227?-M,12,23,14,10,12-16,11,16,13,13,11,30,19,8-9,11,11,25,14,21,26,12-14-16-17,11,10,22-22,15,14,19,18,31-35,13,10
AB-022x (A+S?),J1-ZS227?-H,12,23,14,10,13-16,11,16,12,13,11,30,18,8-9,11,11,26,14,21,25,12-14-16-17,11,10,22-22,15,14,19,17,31-35,14,10
AB-022y (A+S?),J1-ZS227-Y142275,12,23,14,10,13-15,11,16,12,14,11,31,17,8-9,11,11,26,14,22,26,12-14-16-18,11,10,22-22,15,14,18,18,31-34,14,10
AB-022z (A+S?),J1-ZS227?-R,12,23,14,10,13-16,11,16,12,13,11,29,17,8-9,11,11,26,14,21,25,12-14-16-18,11,10,22-22,14,15,20,19,33-36,12,10
AB-022zb (A+S?),J1-ZS227-ZS2434-C,12,23,14,10,13-15,11,15,12,13,11,31,17,8-9,11,11,26,14,21,26,12-15-16-17,11,11,21-22,15,15,20,17,32-35,14,10
AB-022zd(A+S?),J1-ZS227-3rd,12,23,14,10,13-16,11,16,12,13,11,31,17,8-9,11,11,28,14,21,26,12-14-16-17,10,10,22-22,14,14,20,17,30-34,13,10
AB-022ze (A+S?),J1-ZS227?-C,12,22,14,10,12-16,11,16,12,13,11,30,17,8-9,11,11,26,14,21,26,12-14-16-16,10,10,22-22,15,13,19,18,30-34,12,10
AB-022zf (A+S?),J1-ZS227?-ZS2434-G,12,23,14,10,13-16,11,16,12,13,11,29,17,8-8,11,11,26,14,21,27,11-11-15-16-16-17,11,10,22-22,15,14,18,17,30-33,13,9
AB-022zg (A+S?),J1-ZS227?-ZS2434-H,12,23,14,10,13-16,11,16,12,13,11,30,18,9-9,11,11,26,14,21,26,11-15-16-16,12,10,22-22,15,14,17,18,31-34,14,9
AB-022zh (A+S?),J1-ZS227?-ZS2434-G,12,23,14,11,13-14,11,16,13,13,11,30,17,8-9,11,11,26,14,22,26,12-15-16-17,10,11,22-22,15,14,20,18,31-35,13,9
AB-022zi (A+S?),J1-ZS227-Y142347,12,24,14,10,13-15,11,16,12,13,11,30,16,8-9,11,11,26,14,21,26,12-14-16-17,11,10,22-23,15,14,19,17,31-36,14,10
AB-027 (A),J1-YSC76-FGC8224,12,23,14,10,13-18,11,16,11,13,11,31,17,8-9,11,11,25,14,20,25,12-14-15-16,11,10,22-22,15,14,19,17,32-36,12,10
AB-028 (A+S+I),J1-YSC76-F450-ZS6955,12,23,14,10,13-18,11,16,11,13,11,29,17,8-9,11,11,25,14,20,25,12-14-16-17,11,10,22-22,15,12,19,17,33-36,12,10
AB-028b (A+S+I),J1-YSC76-F450-ZS1660,12,23,14,10,13-17,11,16,11,13,11,29,17,8-9,11,11,25,14,20,25,12-14-15-17,11,10,22-22,15,12,18,17,33-36,12,10
AB-030 (A+S+I),J1-Z18297-M4320a,12,23,14,10,13-18,11,17,12,13,11,31,17,8-9,11,11,25,14,20,26,13-13-15-17,11,10,19-22,15,14,17,19,33-35,12,10
AB-030b (A+S+I),J1-Z18297-M4320b,12,23,14,10,13-19,11,17,12,13,11,32,18,8-9,11,11,25,14,20,27,13-13-15-17,11,11,19-22,18,14,16,20,32-34,12,10
AB-030c (A+S+I),J1-Z18297-ZS2598,12,23,14,10,13-18,11,18,12,13,11,31,18,8-8,11,11,25,14,20,26,15-15-17-17,11,10,19-22,16,14,16,19,33-33,12,10
AB-031 (A),J1-YSC76-L823-a,12,23,14,10,14-17,11,17,12,13,11,29,17,8-8,11,11,25,14,20,25,14-14-16-16,11,10,21-22,15,14,18,18,31-31,13,10
AB-031b (A),J1-YSC76-L823-b,12,23,14,10,14-17,11,18,12,13,11,29,17,8-8,11,11,25,14,20,25,14-14-16-16,11,10,21-22,15,14,18,17,33-33,13,10
AB-031c (A),J1-YSC76-L823-c,12,23,14,10,14-17,11,17,12,13,11,29,17,8-8,11,11,25,14,20,27,14-14-15-15,11,10,21-22,15,12,18,18,32-32,13,10
AB-033 (A+S+I+R),J1-L817-L816,12,25,14,10,16-18,11,16,10,13,13,29,16,8-9,11,11,26,14,20,28,13-14-14-17,11,9,19-22,17,14,18,18,31-37,12,11
AB-034 (A+I),J1-Z640-FGC5206,12,23,14,10,13-17,11,16,11,13,11,31,18,8-9,10,11,24,14,20,26,11-14-16-17,10,10,22-22,15,13,17,17,32-36,12,10
AB-036 (A+S),J1-Z18297-ZS8615,12,23,14,10,13-19,11,15,13,14,11,31,17,8-9,11,11,26,14,20,24,13-15-16-16,11,10,19-22,14,12,16,18,33-36,12,10
AB-036b (A+S?),J1-Z18297-ZS10611,12,23,14,10,13-18,11,15,13,13,11,30,17,8-9,11,11,27,14,20,26,13-15-16-16,11,10,19-22,14,12,16,17,32-36,12,10
AB-036c (A+S?),J1-Z18297-ZS8615,12,23,14,10,13-19,11,15,13,14,11,31,17,8-9,11,11,27,14,20,25,13-15-16-16,12,10,19-22,14,12,16,17,33-36,12,10
AB-036d (A+S?),J1-Z18297-FT54977,12,23,14,10,13-18,11,15,12,14,11,31,17,8-9,11,11,26,14,20,26,13-15-16-16,11,10,19-22,14,12,16,17,35-36,12,10
AB-036e (A+S?),J1-Z18297-ZS4297,12,23,14,10,13-18,11,15,13,14,11,31,17,8-9,11,11,27,14,20,25,13-15-16-16,11,10,19-22,14,12,16,16,32-35,12,10
AB-036f (A+S?),J1-Z18297-ZS4292,12,23,14,10,13-19,11,15,13,13,11,30,17,8-9,11,11,26,14,21,25,13-15-16-16,11,10,19-22,14,13,17,17,33-36,12,10
AB-036g (A+S?),J1-Z18297?-G,12,23,14,10,13-19,11,15,12,14,11,32,18,8-9,11,11,27,14,20,25,13-16-16-17,11,10,19-22,14,12,16,15,34-35,12,10
AB-037 (A),J1-FGC11-ZS2102,12,23,14,10,13-18,11,17,11,13,11,30,18,8-9,11,11,26,14,20,25,12-14-16-17,11,10,22-22,14,14,18,18,31-35,13,10
AB-039 (A),J1-PF7263-a,12,24,13,10,12-19,10,15,13,12,11,29,18,8-9,11,11,24,14,20,31,14-15-15-16-17,10,9,19-21,15,13,16,17,33-36,14,10
AB-039b (A),J1-PF7263-b,12,24,13,10,12-18,10,15,13,12,11,29,17,8-9,11,11,24,14,20,30,14-15-15-16-17,10,9,19-21,15,13,18,18,31-36,14,10
AB-040 (A),J2a-M92-L556,12,22,14,10,14-15,11,15,12,14,11,31,15,9-9,11,11,26,15,20,29,13-13-15-16-16-16,10,10,19-22,15,12,15,17,34-36,12,9
AB-041 (A+S),J2a-M92-SK1344-Y207583,12,22,14,10,12-16,11,15,11,13,11,30,15,9-9,11,11,26,14,21,32,13-13-15-15-16-16,10,10,19-22,16,13,16,16,35-37,10,9
AB-042 (A),J2a-M92-Z36892,12,22,14,10,12-15,11,15,11,13,11,30,17,9-9,11,11,26,14,21,31,13-13-15-16,10,10,19-22,15,13,15,16,33-36,11,9
AB-043 (A),J2a-M92-Z515,13,22,15,10,14-14,11,16,11,13,11,30,17,9-9,11,11,26,14,20,31,12-13-15-15,10,10,19-22,15,13,16,16,34-38,11,9
AB-044 (A),J2a-L210-Y15223,12,23,14,10,13-17,11,16,11,13,11,30,18,9-9,11,11,26,15,20,29,12-14-15-16,10,11,19-22,15,13,19,17,35-39,12,9
AB-045 (A),J2a-L70-PF5456,12,23,15,9,14-16,11,16,12,13,11,29,14,8-9,11,11,26,14,19,30,13-13-15-15,10,11,19-21,16,14,17,18,38-38,12,9
AB-046 (A),J2a-L70-P244.2,12,23,15,9,13-16,11,16,12,13,11,29,14,8-9,11,11,26,14,21,31,11-12-15-16-16,10,10,19-22,15,14,16,17,36-37,12,9
AB-047 (A),J2a-L25-FGC4975-FGC30508,12,23,15,10,14-17,11,16,12,14,11,30,15,8-9,11,11,25,15,21,31,12-13-17-17,10,10,19-23,16,14,19,18,35-37,12,9
AB-047b (A?),J2a-L25-FGC4975-L254,12,23,15,10,14-17,11,15,12,13,11,29,15,8-9,11,11,24,15,21,32,12-13-17-17,10,10,19-23,16,14,18,19,36-36,12,9
AB-047c (A?),J2a-L25-FGC4992,12,23,15,10,14-17,11,15,11,14,11,30,15,8-9,11,11,24,15,21,32,12-13-17-17,10,11,19-23,15,14,20,18,36-37,12,9
AB-047d (A?),J2a-L25-FGC4975-L254-S,12,23,15,10,14-17,11,15,12,14,11,30,15,8-9,11,11,24,15,21,32,12-13-17-17,10,11,19-23,17,13,19,19,37-38,12,9
AB-049a (A),J2a-L25-L243-Z38816,12,24,15,10,14-18,11,16,13,13,11,29,16,9-9,11,11,26,15,22,30,12-13-16-16,10,10,23-23,16,14,17,18,37-38,12,9
AB-049b (A),J2a-L25-L243-Z38816,12,24,16,11,14-18,11,16,13,13,11,29,16,9-9,11,11,26,15,21,30,12-13-16-16,10,10,23-23,16,14,17,18,37-38,12,9
AB-050 (A+I),J2a-M410-Z6046,12,25,14,10,14-16,11,15,11,14,11,30,16,9-9,11,11,25,16,20,30,13-15-15-18,10,10,21-22,15,13,20,21,34-37,10,10
AB-051 (A),J2b-L283-Y33795,12,24,15,10,15-17,11,15,12,12,11,29,19,8-9,8,11,27,16,19,29,13-14-15-18,11,10,19-20,13,14,17,17,35-39,11,9
AB-052 (A+S),J2b-M102-Z42942,12,23,15,10,13-17,11,15,11,12,11,28,17,8-9,11,11,25,15,19,27,13-15-16-18,10,10,19-21,12,14,18,18,33-38,12,9
AB-053 (A+S),G-M342-GG362,13,24,16,10,14-16,11,12,11,12,12,27,17,9-9,11,11,24,16,22,27,11-13-14-15,11,9,20-21,15,13,16,19,35-39,12,10
AB-054 (A),G-M342-Z18606,14,23,15,10,14-15,11,12,11,12,12,28,16,9-9,11,11,26,16,21,29,13-14-14-14,10,10,19-20,16,13,15,18,30-31,12,10
AB-055 (A),G-M342-L201,13,23,14,11,14-15,11,12,11,12,12,28,17,9-9,11,11,24,16,20,28,11-13-14-16,9,10,20-20,16,13,17,19,35-36,11,10
AB-056 (A),G-M377,13,23,15,10,13-16,11,12,11,14,11,32,18,8-9,11,11,24,16,21,28,13-14-15-15,10,11,20-20,17,16,15,16,34-35,12,10
AB-057 (A),G-L30-BY83406,14,22,15,10,13-14,11,12,11,12,12,29,17,8-9,11,12,23,16,22,28,12-13-14-15,9,10,19-20,15,15,15,18,33-36,11,10
AB-058 (A+S),G-L140-FGC249,13,22,15,10,12-16,11,12,11,12,11,29,16,9-9,11,11,24,16,21,29,12-13-14-14,11,11,20-21,16,14,18,19,34-35,11,10
AB-059 (A+S+I),G-L140-Z43085,14,23,15,10,14-15,11,12,14,12,11,28,14,9-9,11,11,23,16,21,28,12-12-14-14,11,11,20-21,15,14,16,18,31-35,12,10
AB-060 (A),G-L293-Z6673,14,22,16,10,15-15,11,12,12,12,10,31,17,9-9,11,11,26,16,21,29,13-13-14-14,10,10,21-21,17,15,14,17,36-37,11,10
AB-061 (A),G-U1-L1264,14,22,15,10,13-14,11,12,11,12,12,31,17,9-9,11,11,23,16,20,29,13-13-14-14,10,11,20-21,16,13,17,18,36-36,11,10
AB-062 (A),G-P15,13,22,17,10,14-14,11,12,11,12,11,29,17,9-9,11,11,23,16,20,31,12-13-14-14,10,10,20-20,16,12,19,17,33-33,10,10
AB-063 (A),L-M349,12,23,14,10,16-18,11,12,13,14,14,30,18,9-9,11,12,24,16,19,29,14-15-16-17,10,10,19-21,14,13,18,16,33-34,11,10
AB-065 (A),Q-L245-Y2200,13,22,13,10,14-16,12,12,12,13,15,29,17,9-9,11,11,25,14,19,29,14-15-15-16,10,9,19-19,15,14,17,16,33-38,12,11
AB-066 (A),R1a-Z283-M12402,13,25,15,10,12-14,12,12,11,13,11,29,16,9-10,11,11,23,14,20,32,12-15-15-16,11,11,19-23,17,16,18,19,35-41,13,11
AB-066b (A),R1a-Z283?-G,13,24,16,10,12-14,12,12,11,13,11,29,16,9-10,11,11,23,14,20,33,12-15-15-16,12,11,23-23,17,16,18,20,35-39,13,11
AB-067 (A),R1a-Z93-M582,13,25,16,10,11-14,12,12,10,13,11,30,14,9-10,11,11,24,14,20,30,12-12-15-15,11,11,19-23,14,16,19,20,35-38,14,11
AB-068 (A),R1a-Z93-Z2123,13,25,16,11,11-14,12,12,10,13,11,30,15,9-10,11,11,23,14,19,31,15-15-15-16,11,11,19-23,16,15,19,19,34-38,12,11
AB-069 (A+S+I),R1b-V88-FGC20980,13,23,16,10,12-14,11,12,12,14,13,29,18,9-10,11,12,27,14,19,28,12-12-15-15,11,12,21-23,15,15,18,19,33-39,11,11
AB-069b (A+S+I),R1b-V88-C,13,22,16,11,13-14,11,12,12,14,13,29,19,9-10,11,12,27,14,19,28,12-12-14-15,11,11,21-23,14,15,18,19,32-36,12,11
AB-070 (A+S+I),R1b-Z2103-FGC14595,12,24,14,11,11-13,12,12,13,13,13,29,16,9-10,11,11,25,15,20,28,15-15-16-19,12,11,19-19,16,15,17,17,36-37,12,12
AB-071 (A),R1b-M269-PF7558,12,24,14,10,11-14,11,12,12,13,14,29,17,9-10,11,11,25,15,19,30,15-15-16-16,11,10,19-23,17,16,17,17,37-38,12,12
AB-072 (A+S),R1b-Z2103-Y19847,12,24,14,10,11-15,12,12,12,13,14,28,15,9-9,11,11,25,14,19,29,15-15-16-17,11,12,19-23,16,17,19,17,34-39,12,12
AB-072b (A+S),R1b-Z2103-Y143997,12,24,14,10,11-14,12,12,12,13,14,28,14,9-9,11,11,26,14,19,28,15-15-16-17,11,11,19-23,16,17,17,17,36-38,12,12
AB-073 (A+S),R1b-Z2103-L944,12,24,14,11,11-14,12,12,12,14,13,30,16,9-9,11,11,25,15,19,28,15-15-16-17,11,12,19-23,15,15,17,18,37-38,12,12
AB-074 (A),R1b-U152-BY187600,13,24,14,10,11-14,12,12,12,13,13,29,17,9-10,11,11,25,15,19,29,14-15-17-17,11,11,19-23,15,15,19,17,36-39,12,12
AB-075 (A),R1b-U152-L4-a,13,24,14,11,14-14,13,12,11,13,14,29,17,9-10,11,12,25,15,19,28,15-17-17-17,12,12,19-23,15,14,17,20,36-37,14,12
AB-075b (A),R1b-U152-L4-b,13,24,14,11,14-14,12,12,12,13,13,29,17,9-10,11,12,24,15,19,28,15-16-17-17,12,12,19-23,15,15,19,20,36-36,14,12
AB-077 (A+S+I),R1b-DF27-FGC20761,13,24,13,11,12-14,12,12,12,12,13,28,17,9-9,11,11,25,15,19,29,15-15-17-17,11,10,19-23,16,15,18,16,36-38,12,12
AB-078 (A),R1b-L21-Z18106,13,24,14,11,11-14,12,11,11,13,14,29,17,9-9,11,11,25,15,19,29,15-15-15-16,11,11,19-23,15,15,18,18,39-41,11,12
AB-079 (A),R1b-U152-L408,13,23,14,10,10-10,12,12,12,13,13,29,18,9-9,11,11,25,15,19,32,15-16-16-17,11,11,19-23,17,15,19,17,35-38,11,13
AB-080 (A+S+I),R1b-Z2103-Z2108,12,24,14,11,11-14,12,12,12,13,13,29,16,9-10,11,11,25,15,19,30,14-15-17-19,10,12,19-23,15,14,18,18,34-38,12,12
AB-081 (A),R1b-U152-Y86521,13,24,15,10,12-13,11,12,12,13,13,29,17,9-10,11,11,25,15,19,28,15-17-17-17,11,11,19-23,15,15,17,17,36-37,12,12
AB-082 (A),R1b-DF27-Z19656,13,24,14,11,12-14,12,12,12,13,13,29,16,9-10,11,11,25,15,19,30,15-15-17-17,11,11,19-23,16,16,19,17,36-39,11,12
AB-083 (A),R2a-M124-L288,14,23,14,10,13-20,12,12,10,13,10,31,17,8-9,11,11,28,16,19,33,12-13-14-16,10,10,19-21,15,15,18,17,33-36,12,11
AB-084 (A+S+I),R1b-U106-Ivanhoe,13,24,14,11,11-14,12,12,11,13,13,28,17,9-10,11,11,26,15,19,30,15-15-15-18,11,11,19-23,16,15,18,19,37-37,12,11
AB-085 (A),R2a-F1092-FGC13211,14,23,14,10,13-20,12,12,11,14,10,29,16,9-9,11,11,25,14,19,33,12-12-15-16,10,10,20-20,15,15,17,20,34-34,12,11
AB-085b (A?),R2a-F1092-FGC13219,14,23,14,10,13-20,12,12,11,14,10,29,17,9-9,11,11,26,14,19,33,12-12-15-16,10,10,20-21,15,15,18,19,34-35,12,11
AB-085c (A?),R2a-F1092-M,14,23,14,10,13-19,13,12,12,14,10,29,16,9-9,10,11,25,15,19,33,12-12-15-16,10,10,20-21,15,15,17,19,34-34,12,11
AB-086 (A),I1-Z140-Y12663,13,22,14,10,13-14,11,14,11,12,11,28,15,8-9,8,11,22,16,20,27,12-14-15-17,11,9,19-21,15,15,15,22,34-35,13,10
AB-087 (A),I2-P215,14,24,15,10,12-13,11,13,11,12,11,29,19,8-8,11,11,24,15,20,33,11-15-15-16,11,10,19-21,15,13,17,18,34-39,12,11
AB-088 (A),I2-M223-Y52940,13,22,16,10,15-16,11,13,11,13,13,29,16,8-9,11,11,23,14,20,27,14-15-16-16-16-16,11,10,19-21,15,16,19,22,35-35,11,10
AB-089 (A),I2-P37-Y23115,13,24,16,11,14-15,11,13,13,13,11,31,18,8-10,11,11,25,15,20,31,13-14-15-15,10,10,21-21,14,12,19,16,34-35,11,10
AB-090 (A),I2-P37-PF6950,13,24,16,10,12-12,11,13,12,14,11,29,17,8-10,11,11,25,15,21,30,11-13-15-15,11,11,11-21,16,11,16,19,33-33,13,10
AB-091 (A+I),E1b-V12-Y29594,13,24,13,11,15-16,11,12,11,13,11,31,17,9-10,11,11,25,14,20,31,13-15-15-18,10,11,19-21,15,12,16,17,34-36,13,11
AB-092 (A+S+I),T-L208-Y3782,14,23,15,11,15-16,11,12,11,13,13,30,16,9-9,11,13,27,13,19,32,11-13-15-16,11,10,23-24,14,14,14,17,36-36,11,9
AB-093 (A),T-P317,13,21,14,10,14-16,11,12,11,13,14,30,16,9-9,11,12,26,14,19,34,11-12-15-17,11,10,22-24,15,14,15,17,38-38,11,9
AB-094 (A),R1b-P297-PF4354,13,23,14,11,12-13,12,13,12,13,13,29,15,9-9,11,11,25,15,18,28,13-14-14-16,11,11,18-23,15,17,20,15,36-40,14,11
AB-095 (A),E1b-M2-P277,13,21,15,10,16-17,11,12,13,13,11,31,16,8-9,11,11,25,14,21,30,13-16-17-17,11,10,19-19,15,14,17,19,32-35,11,11
AB-096 (A+S+I),E1b-V22-BY56101,13,23,14,10,18-20,11,12,12,13,11,30,16,9-10,11,11,24,14,20,34,14-14-16-16,11,12,22-22,15,12,18,18,32-35,10,10
AB-097 (A),E1b-V13-Y142744,13,24,14,10,16-18,11,12,13,13,11,30,15,9-9,11,11,26,14,21,33,16-16-17-18,9,11,19-21,15,12,16,19,31-33,10,10
AB-100 (A),G-PF3147-FGC6713,14,22,15,10,13-13,11,13,13,12,11,29,18,9-9,11,11,23,16,21,30,12-12-12-12,11,10,21-21,14,14,16,19,33-33,11,10
AB-101 (A),R1b-DF27-A5376,13,24,13,10,11-13,12,12,12,13,13,30,17,9-10,11,11,26,14,18,29,15-16-17-17,11,10,19-23,15,15,19,16,35-39,12,13
AB-102 (A),R1b-U152-48063,13,24,14,11,9-14,12,12,12,13,13,29,18,9-10,11,11,26,15,19,30,15-15-16-17,11,11,19-23,15,14,18,18,37-37,12,12
AB-103 (A+S),R1b-V88-B,14,24,16,11,12-14,12,12,14,14,13,29,15,9-10,11,12,26,16,19,28,13-13-14-16,12,10,21-23,15,16,16,18,33-36,11,11
AB-106 (A),R1b-L11?-213128,13,23,14,11,11-14,12,12,12,14,13,30,16,9-10,11,11,25,15,19,30,15-15-17-17,11,11,19-23,15,15,17,17,36-36,12,12
AB-107,E1b-V22-S,13,22,14,10,18-19,11,12,12,11,11,27,14,9-10,11,11,25,14,20,32,15-16-16-17,11,12,19-22,15,12,19,18,34-36,11,10
AB-108,E1b-V22-70137,13,24,16,10,17-18,11,12,12,13,11,30,16,9-9,11,11,26,14,20,33,15-16-16-17,11,12,19-22,15,12,20,20,33-35,12,10
AB-109,E1b-V13-D,13,24,13,10,16-18,10,12,12,14,11,31,15,9-9,11,11,26,14,19,33,14-16-16-17,9,11,19-21,16,12,18,18,29-35,11,10
AB-110,E1b-M78-V1133,13,23,13,10,14-18,11,11,12,14,12,31,15,9-9,11,11,27,14,21,33,13-14-15-15,11,11,19-22,15,12,20,19,33-39,12,10
AB-111,E1b-Z841-Y4972,14,24,13,9,16-17,11,12,12,14,11,31,16,9-9,11,11,22,14,20,29,14-15-16-17,9,11,19-22,15,12,15,18,34-36,12,10
AB-113,J1-Z640-2nd,12,23,14,10,13-17,11,16,11,14,11,31,17,8-9,11,11,24,14,20,27,12-14-16-17,10,10,22-22,15,14,17,19,33-37,12,9
AB-114 (A+S+I),J2a-M319-Y20891,12,24,13,10,13-16,11,15,11,13,11,29,15,9-9,11,11,26,15,21,30,12-13-15-15,11,11,19-22,15,14,16,14,34-35,12,9
AB-115,J2a-L26-204156,12,23,15,10,14-16,11,17,10,12,12,30,16,9-9,11,11,26,15,20,31,13-13-15-15,11,11,19-22,14,14,15,17,37-38,12,9
AB-116 (A),J2a-CTS900-Y11860,12,23,13,10,14-16,11,15,11,14,11,32,18,9-9,11,12,24,14,20,29,12-15-15-15,10,10,19-22,16,14,16,14,33-39,11,9
AB-118 (A),J1-YSC76?-230738,12,22,14,10,13-13,11,18,11,13,11,32,17,8-9,11,11,25,14,20,25,12-14-16-16,11,10,22-22,15,15,18,17,31-36,12,10
AB-120,G-PF3147-34997,13,23,15-16,10,14-18,11,12,11,13,11,30,19,9-9,11,11,24,16,20,29,11-12-12-13,11,13,20-20,13,13,17,19,38-38,11,10
AB-121,G-L293-93306,14,22,17,10,15-17,11,12,11,12,10,29,17,9-9,11,11,23,16,21,30,13-14-14-14,11,10,20-21,14,14,15,18,35-37,11,10
AB-122,G-U1-Z29424,13,22,15,10,12-14,11,12,12,12,11,29,18,9-9,11,11,23,16,20,27,12-12-14-14-15-16,12,10,19-20,15,13,17,17,35-38,11,10
AB-123,G-U1-Z30718,14,22,15,10,12-14,11,12,11,12,11,29,18,9-9,11,11,23,16,21,27,12-12-14-14-14-14,11,10,19-20,15,12,18,18,37-38,11,10
AB-124,G-P303-M278,14,22,16,10,14-15,11,12,11,12,11,28,16,8-9,11,11,23,16,21,27,12-13-14-14,11,12,20-20,15,13,18,17,33-33,11,11
AB-124b,G-P303-M278b,14,22,15,10,14-14,11,12,11,12,11,28,16,8-8-9,11,11,23,16,20,27,11-12-13-14-14-15,11,12,20-20,15,13,19,17,33-33-34,11,11
AB-125,R1a-Z93?-74750,13,25,16,11,11-15,12,12,10,12,11,30,16,10-10,11,11,25,14,20,33,12-15-16-16,11,12,19-23,15,17,20,17,34-41,14,11
AB-126,Q-L53-L330,13,25,13,10,15-16,12,12,14,12,15,28,17,8-9,11,11,29,13,19,31,14-14-15-16,11,10,19-23,15,14,18,18,34-37,11,11
AB-127,G-L293-Z17775,14,22,15,10,15-16,11,12,12,12,10,29,17,9-9,11,11,23,16,21,27,12-13-14-14,10,10,13-21,14,14,17,17,36-38,11,10
AB-128,E1b-M81-A,13,24,14,9,13-14,11,12,10,14,11,31,18,9-9,11,13,23,14,20,31,14-14-16-16,11,11,19-22,17,13,18,21,40-40,12,10
AB-130,R1a-Z93-Y15121,13,25,16,11,11-14,12,12,10,14,11,30,15,9-10,11,11,24,14,20,32,12-15-15-16,10,11,19-20,16,15,19,19,36-38,14,11
AB-131,J2a-M319-N87830,12,23,14,10,13-16,11,15,11,13,11,29,16,9-9,11,11,24,14,20,32,12-12-16-17,10,11,19-22,16,15,17,17,36-38,11,9
AB-132,E1b-M84-PF6748?-218311,13,25,13,10,17-17,11,12,12,13,11,32,17,9-9,11,11,26,14,21,34,15-15-16-17,10,10,18-22,15,12,17,19,31-35,12,10
AB-133 (A+S),E1b-M84-PF6748-BY11025,14,22,13,10,17-17,11,12,13,13,11,31,20,9-9,11,11,26,14,20,33,14-14-14-15-16-18,10,9,19-22,15,13,17,18,29-38,13,10
AB-133b (A+S?),E1b-M84-PF6748-BY11025b,14,22,13,10,17-17,11,12,13,13,11,31,21,9-9,11,11,28,14,20,33,14-14-16-16,10,9,19-22,15,13,16,18,32-32,13,10
AB-133c (A+S?),E1b-M84-PF6748?-R,14,22,13,10,16-18,11,12,13,13,11,31,21,9-9,11,11,26,14,20,33,14-14-15-18,10,9,19-22,15,14,17,17,31-36,14,10
AB-134,G-PF3147-FGC2315,13,24,15-16,9,13-14,11,12,12,13,11,30,16,9-10,11,11,24,16,19,30,13-14-14-15,11,11,19-20,15,15,17,17,35-37,11,10
AB-135,J1-Z18297-ZS2566-ZS3736,12,23,14,10,13-17,11,17,11,14,11,32,20,8-9,11,11,25,14,20,26,13-13-14-15,11,10,19-22,16,14,18,20,35-37,12,10
AB-136,J1-YSC76-ZS6056,12,24,14,10,14-19,11,17,11,13,11,30,18,8-9,11,11,23,14,20,24,12-14-16-17,12,10,21-22,15,14,16,17,33-37,12,10
AB-137,J2a-L25-FGC9961,12,23,14,10,15-19,11,15,11,13,11,30,15,8-9,11,11,24,14,22,31,12-13-16-16,11,11,19-22,16,15,16,17,35-40,12,9
AB-138,Q-L245-BZ3900,14,22,13,9,14-17,12,12,12,13,15,29,18,9-9,11,11,25,14,19,29,14-15-15-16,10,9,19-19,15,15,19,16,33-35,11,11
AB-139,R1b-Z2103?-181079,12,26,14,11,12-14,12,12,12,13,13,29,17,9-10,11,11,26,15,21,29,15-16-16-18,11,13,19-22,17,15,18,18,35-36,12,12
AB-140,E1b-V12-CTS8411,13,23,13,10,16-16,11,12,12,13,11,31,15,9-9,11,11,25,14,20,31,13-14-15-17,10,9,19-22,16,12,16,17,33-36,12,10
AB-141,E1b-V12-BY8500,13,23,13,10,16-16,11,12,13,13,11,30,16,9-9,11,11,26,14,19,35,13-15-15-16,11,10,19-22,17,12,17,16,34-37,12,10
AB-141b,E1b-V12-BY8508,13,23,13,10,16-17,11,12,11,13,11,30,16,9-9,11,11,25,14,19,35,13-15-15-17,10,10,19-22,15,12,18,18,34-36,12,10
AB-143,G-L140-61176,14,22,15,10,14-15,11,12,12,13,11,30,16,9-9,11,12,23,16,21,30,14-14-14-14,10,11,20-21,16,14,17,19,38-38,12,10
AB-144 (A),E1b-M81?-M,13,25,13,10,16-18,11,12,13,14,11,31,18,9-9,11,12,23,14,20,31,14-16-16-17,11,11,19-22,15,13,20,23,37-38,12,10
AB-145 (A),R1b-L11?-192370,13,25,14,10,12-13,12,12,13,14,13,31,18,9-9,11,11,26,15,19,31,15-15-16-17,11,10,19-22,17,14,16,17,37-38,12,12
AB-146,R1b-Z2103-L,12,24,14,11,11-13,12,12,11,14,13,30,17,8-10,11,11,25,15,19,30,14-15-16-18,11,14,19-23,15,16,18,17,35-37,12,12
AB-147 (A),R1b-DF27-BY16148,13,24,14,10,12-14,12,12,10,13,13,30,17,8-10,11,11,24,15,19,29,15-15-16-17,12,10,19-23,17,16,19,17,36-38,12,12
AB-148,R1b-DF27-BY33242,13,24,14,11,11-14,12,12,11,13,13,29,17,9-10,11,11,25,14,18,30,15-15-16-17,10,10,19-23,15,15,20,15,36-36,12,12
AB-149 (A+S+I),R1b-Z2103-M12143,12,24,14,10,11-15,10,12,12,13,14,28,16,9-10,11,11,26,15,19,28,15-15-16-18,10,13,20-23,16,16,17,17,35-37,11,12
AB-150,J1-Z18297-FGC27989,12,23,14,10,14-19,11,16,13,13,11,30,19,8-9,11,11,26,14,20,24,13-13-15-17,12,10,19-22,18,14,16,19,34-36,12,10
AB-152,R1b-P312-29295,13,24,14,11,12-13,12,12,13,13,13,29,16,9-10,11,11,24,15,19,28,13-15-15-17,12,11,19-23,16,15,18,17,33-37,12,12
AB-153 (A+J),J2b-L283-Z39653,12,24,15,10,12-17,11,15,12,12,11,28,15,8-9,11,11,25,16,19,30,13-15-16-17,11,10,19-20,13,15,17,17,36-40,11,9
AB-154,E1b-M84-PF6748-231220,13,24,13,10,16-18,11,12,12,13,11,32,18,9-9,11,11,26,14,20,32,15-15-16-16,10,10,18-22,15,13,17,19,30-34,14,10
AB-155,E1b-V22-FGC62854,13,24,14,10,17-19,11,12,12,13,11,31,16,9-9,11,11,25,14,21,32,14-15-16-16,10,12,19-22,16,12,19,20,31-32,12,10
AB-156 (A),E1b-V13-52938,13,24,13,10,16-18,11,12,12,13,11,30,15,9-9,11,11,26,14,21,34,14-16-16-17,9,11,19-21,15,12,19,19,32-34,11,10
AB-157 (A),E1b-V13-85830,11,24,13,10,16-16,11,12,11,13,11,30,15,9-9,11,11,27,14,20,32,14-16-17-17,9,11,19-21,17,12,18,19,30-33,11,10
AB-158,E1b-M84-Y60961-Y141399,13,24,13,10,16-20,11,13,12,12,11,29,18,9-9,11,11,26,14,19,31,14-14-16-17,11,10,19-22,15,12,18,20,32-38,13,10
AB-158b,E1b-M84-Y60961-Y62418,13,24,13,10,17-18,11,12,11,13,11,30,17,9-9,11,11,26,14,20,31,13-14-16-16,10,10,19-22,16,12,19,20,31-40,13,10
AB-159,E1b-M84-PF6748?-235159,13,23,13,10,16-18,11,12,13,14,11,31,18,9-9,11,11,26,14,21,30,14-15-16-17,10,11,18-22,15,13,18,17,31-34,12,10
AB-160 (A),E1b-Z841-BY55895,15,24,13,10,18-19,11,12,11,13,12,30,16,9-9,11,12,26,14,20,32,15-15-17-17,10,10,19-19,15,13,19,19,33-33,12,10
AB-161 (A),T-P77-Y31474-BY39967,13,23,14,10,14-16,11,12,12,14,13,30,18,9-9,11,12,25,14,20,33,13-13-16-16,10,10,23-24,15,14,16,17,35-37,13,9
AB-162,T-L208-PF7443,13,24,15,10,13-16,11,12,11,12,14,27,16,9-9,11,13,25,14,19,35,10-12-16-16,10,10,23-24,15,14,16,17,35-37,11,9
AB-163,E1b-V13-107633,13,23,13,10,17-19,11,12,11,13,11,30,16,9-9,11,11,25,14,0,31,17-17-17-17,9,12,19-21,17,11,17,20,30-34,11,10
AB-168,J2a-M92-BY22506,12,22,14,10,12-15,11,15,11,14,11,30,15,9-9,11,11,26,14,21,31,13-16-16-16,10,10,19-21,15,13,17,19,36-36,10,9
AB-170,J2a-L70-Z2177,13,23,15,9,13-16,11,16,13,13,11,29,14,8-9,11,11,26,14,21,31,11-13-13-16-16-16,11,11,19-22,15,14,16,17,39-39,12,8
AB-171,J2a-M319-PH32,12,23,13,10,12-15,11,15,11,15,11,31,14,9-9,11,11,25,15,18,28,12-13-17-17,10,11,20-22,16,14,17,17,34-38,11,9
AB-173,J2b-L283?-374521,12,24,15,10,14-17,11,15,11,12,11,28,15,8-9,11,11,28,16,19,29,13-15-16-19,11,10,19-20,13,14,16,17,35-40,11,9
AB-174 (A),R1a-Z93?-424726,13,25,17,11,11-14,12,12,10,13,11,31,14,9-10,11,12,24,14,20,33,13-15-15-16,11,11,19-24,16,16,18,19,35-36,14,11
AB-176,R1b-DF27-FT143445,14,24,14,11,11-14,12,12,13,13,13,29,17,9-9,11,11,26,15,19,29,15-15-16-17,11,11,19-23,15,15,17,19,38-40,12,12
AB-176b,R1b-DF27-So,14,24,14,11,11-14,12,12,13,12,13,28,17,9-10,11,11,25,15,19,29,15-15-16-17,11,11,19-23,15,15,17,18,37-40,12,12
AB-177,R1b-DF27-Y31337,13,24,14,10,11-14,12,12,13,13,13,29,17,9-10,11,11,25,15,18,29,15-15-17-18,11,11,19-23,16,15,18,17,35-37,12,12
AB-178 (A),R1b-U152-A7982,13,24,14,11,12-14,12,12,12,13,13,29,17,9-10,11,11,25,14,19,29,14-15-17-17,11,11,19-24,14,15,17,18,35-37,12,12
AB-179,R1b-DF27-Y16965,14,24,14,11,12-14,12,12,8,13,13,30,17,9-9,11,11,25,15,19,29,15-15-17-17,10,11,19-23,15,15,19,17,37-37,12,12
AB-180,J1-PF4832,12,24,14,9,15-15,11,15,12,13,11,30,17,8-9,11,11,24,14,20,26,13-15-15-17,11,9,22-22,14,12,19,19,34-35,12,10
AB-181,T-L208?-132192,13,23,14,10,13-16,11,12,10,12,13,28,15,9-9,11,13,26,14,19,34,11-13-16-17,11,10,23-23,15,15,15,19,38-39,12,9
AB-182,T-221510,13,23,14,10,14-15,11,12,13,13,13,30,16,9-9,11,12,24,15,19,32,11-11-13-13,10,10,22-24,15,13,17,17,36-36,10,9
AB-183 (A),T-157447,14,23,13,10,16-16,11,12,11,13,15,29,17,9-9,11,12,24,15,20,32,11-14-15-16,11,10,23-23,16,14,18,16,35-36,13,9
AB-184,T-185494,13,23,13,10,14-15,11,12,11,14,13,30,17,8-9,11,13,26,14,19,34,11-13-16-17,10,10,22-23,16,14,17,18,36-37,11,9
AB-185 (A),E1b-V13-445467,13,24,13,10,14-18,11,12,12,13,11,30,16,9-9,11,11,25,14,20,31,14-16-16-17,9,10,19-21,17,12,18,20,32-36,12,10
AB-186,E1b-M84?-209818,13,24,13,10,16-17,11,12,12,12,12,31,18,9-9,11,11,25,14,20,33,16-16-17-17,10,10,19-22,15,13,17,18,31-31,14,10
AB-188 (A),E1b-M81?-G,13,24,13,9,13-13,11,12,10,14,11,30,18,9-9,11,12,23,14,20,32,14-16-16-17,13,11,20-22,17,13,18,24,31-39,11,10
AB-189 (A),E1b-M81-MZ143,13,24,13,9,13-16,11,12,10,14,11,30,18,9-9,11,12,23,14,20,32,14-16-16-17,11,10,19-22,16,12,18,24,31-40,12,10
AB-190,E1b-V12-CTS5637,13,22,13,10,16-16,11,12,12,13,11,30,16,9-9,11,11,25,14,19,33,13-15-15-17,11,11,19-22,17,12,16,19,34-35,14,10
AB-191,E1b-M84-FGC18401-M,13,23,13,10,16-17,11,12,12,12,11,30,18,9-10,11,11,26,14,20,32,13-15-16-16,10,8,19-22,15,13,19,19,31-37,12,10
AB-192 (A),E1b-M84?-90530,13,23,13,10,16-17,11,12,13,14,11,31,18,9-9,11,11,26,14,20,32,14-14-16-17,11,10,19-22,15,12,19,17,31-34,12,10
AB-193 (A),E1b-V13?-453676,13,24,13,10,15-19,11,12,12,13,11,30,16,9-9,11,11,26,14,21,33,14-16-16-17,9,11,19-21,15,12,18,19,31-35,11,10
AB-194,E1b-V13?-419827,13,24,13,10,16-18,11,12,11,14,11,32,15,9-9,11,11,26,14,20,33,14-16-16-18,9,10,19-20-21-21,16,12,18,19,33-34,11,10
AB-195 (A),E1b-V65-N19276,13,24,13,10,16-18,11,12,12,12,12,29,14,9-9,11,11,27,14,21,32,15-16-16-17,10,10,19-21,15,12,16,20,32-34,11,10
AB-196,E1b-V13?-192783,13,26,13,10,16-18,11,12,12,14,11,31,15,9-9,12,11,26,14,19,32,14-16-16-18,9,10,19-21,17,13,16,19,31-38,11,10
AB-197,E1b-129722,15,26,14,11,15-16,11,12,11,13,11,31,17,8-9,11,11,27,14,20,32,15-15-16-17,10,9,19-22,15,13,18,17,34-35,13,11
AB-198,T-Y139982,13,23,13,10,17-17,11,12,11,14,13,30,12,9-9,11,12,25,14,18,32,13-13-14-16,10,11,23-24,15,12,18,14,34-36,12,9
AB-200,J1-YSC76?-256280,12,23,14,10,13-16,11,16,11,13,11,30,18,8-9,11,11,25,14,20,25,12-14-16-18,11,10,20-22,15,14,20,17,33-37,12,10
AB-201,G-L140-FGC36001,14,22,15,10,13-14,11,12,11,12,11,28,17,8-9,11,11,22,16,21,28,12-13-13-14,10,11,20-20,15,13,19,19,35-42,12,9
AB-202,G-L140-PF3346,13,22,15,10,13-15,11,12,11,12,11,28,15,9-9,11,11,23,16,21,28,13-13-13-16,10,11,20-20,15,13,15,18,33-37,11,10
AB-205,J2a-L210?-84809,12,23,14,9,13-13,11,16,11,13,11,29,17,9-9,11,11,26,15,20,29,12-12-15-16,10,10,19-23,16,13,20,17,34-39,13,9
AB-206,J2a-M67-FT12718,13,23,14,10,13-16,11,17,11,13,10,30,15,9-9,11,11,26,15,19,31,12-14-15-16,11,10,19-22,15,13,18,15,35-36,11,7
AB-207,J2a-L26-101347,12,23,15,10,13-18,11,15,12,13,11,29,15,9-9,11,11,23,15,22,27,12-13-15-16,10,10,19-22,15,14,18,15,36-37,11,9
AB-209,J2a-L25-Z44158,12,23,14,10,14-16,11,15,12,13,11,28,16,8-9,11,11,25,15,21,33,12-13-15-16,11,11,19-21,15,14,16,17,36-37,11,9
AB-210,J2b-183474,12,24,16,10,17-20,11,15,11,12,11,29,16,8-9,11,12,24,14,19,31,14-15-15-18,11,10,19-20,13,13,18,18,35-36,11,9
AB-211,J2a-410141,13,21,15,10,17-20,11,14,11,13,11,29,18,9-9,11,11,26,15,19,28,11-14-16-18,11,10,19-22,16,13,19,19,33-37,11,9
AB-212,Q-L245-YP745,13,22,13,10,14-14,12,12,12,13,16,29,17,9-10,11,11,25,14,19,30,14-14-15-16,12,9,19-19,15,14,19,16,34-37,12,11
AB-212b,Q-L245-I,13,22,14,10,14-16,12,12,11,13,16,29,17,9-10,11,11,25,14,19,30,14-14-15-16,12,9,19-19,15,14,20,15,34-37,12,11
AB-213,Q-L245-B,14,22,13,11,15-16,12,12,12,13,16,29,16,9-10,11,11,25,14,19,29,14-14-15-16,11,9,19-19,15,14,18,16,33-37,12,11
AB-218,J2a-CTS900-CTS5796,13,23,14,10,13-14,11,15,11,13,11,30,16,9-9,11,12,25,15,20,32,12-14-15-15,9,10,19-22,17,14,17,14,31-38,12,10
AB-219,J2a-M92-SK1344?,13,22,14,10,12-15,11,15,11,13,11,30,15,9-9,11,11,26,14,21,28,13-16-16-16,9,10,19-22,16,12,17,16,35-37,10,9
AB-220,T-Y4984-Y61099,13,24,14,10,14-16,11,12,13,14,13,29,15,9-9,11,13,25,14,20,34,11-13-16-16,10,10,22-23,16,13,16,16,35-36,11,9
AB-221,T-173767,13,24,13,10,13-15,11,12,12,14,13,29,17,9-9,11,13,26,14,19,34,13-13-15-16,10,11,23-24,16,15,15,18,33-36,11,9
AB-222,T-529910,13,24,15,10,14-15,11,12,14,14,13,30,15,9-9,11,13,25,14,19,34,11-13-17-17,10,10,23-24,16,13,16,18,37-39,10,9
AB-223,T-242207,13,23,14,10,14-15,11,12,11,13,13,29,15,9-9,11,13,26,14,19,35,11-13-15-17,11,10,22-23,15,15,15,17,39-41,12,9
AB-224 (A),E1b-M84-FGC18401-FGC18369,13,23,13,10,16-18,11,12,12,12,11,30,17,8-9,11,11,26,14,20,32,13-15-16-16,10,8,19-22,15,13,19,21,30-35,12,10
AB-224b (A),E1b-M84-FGC18401-FGC18369,13,24,13,10,16-17,11,12,12,12,11,31,17,9-9,11,11,26,14,20,31,13-15-16-17,10,8,19-22,15,13,19,19,32-35,12,10
AB-225,E1b-V12?-314350,13,23,13,10,14-16,11,12,11,13,11,30,16,9-9,11,11,24,14,19,34,13-15-15-18,11,10,19-22,17,12,17,18,35-37,12,10
AB-226,J1-FGC11-FGC3708,12,23,14,10,13-20,11,16,13,13,11,31,20,8-9,11,11,25,14,20,26,12-14-16-17,11,9,22-22,15,14,17,18,33-37,11,10
AB-227,T-L208-PF7443?-524891,13,24,15,10,12-16,11,12,11,12,14,28,16,9-9,11,13,25,14,19,34,10-12-15-16,11,10,23-24,15,14,17,17,34-37,11,9
AB-229,E1b-V22?-Cordova,13,24,14,10,18-19,11,13,11,13,11,29,18,9-10,11,11,24,14,20,34,15-15-16-17,11,12,19-22,15,12,19,18,33-33,12,10
AB-230,R1b-U152-P,13,24,15,11,11-14,12,12,13,13,13,29,16,9-10-10,11,11,26,15,19,30,15-15-15-15-16-17,11,11,19-24,16,14,18,17,37-38-38,12,12
AB-231,G-U1-446972,14,22,15,10,12-14,11,12,12,12,11,28,17,9-9,11,11,23,16,21,28,12-12-14-14,10,10,19-20,15,13,19,14,38-38,11,10
AB-232,G-L497-Z31846,14,22,15,10,12-14,11,13,11,12,11,29,16,9-9,11,11,23,16,21,31,12-13-13-14,10,11,20-20,15,13,17,18,35-37,11,10
AB-233,G-U1-524472,14,22,15,10,13-14,11,12,11,12,11,29,17,9-9,11,12,23,16,22,29,14-14-14-14,9,10,19-20,15,14,16,17,33-33,11,10
AB-234,J2b-L283-Y22038,12,25,15,9,15-18,11,15,12,12,11,29,17,8-9,11,11,28,16,19,30,13-15-15-18,11,10,19-20,13,14,17,18,37-39,11,9
AB-235,L-M349-BY20692,12,23,14,10,16-17,11,12,11,14,14,30,16,9-9,11,12,24,16,20,30,15-15-16-16,10,9,19-21,14,14,21,16,34-34,10,10
AB-236 (A+S),R1b-Z2103-Y84551,12,25,14,11,11-14,12,12,12,13,14,28,17,9-10,11,12,25,15,19,29,15-15-16-18,11,12,19-23,16,17,17,17,36-36,12,12
AB-237 (A+S),E1b-V13-S24513,13,24,13,10,16-17,11,12,12,14,11,31,15,9-9,11,11,27,14,20,32,14-16-17-18,9,11,19-21,17,12,19,19,33-33,11,10
AB-238,J2a-CTS900-FT245300,12,23,14,10,13-15,11,15,12,13,11,30,18,9-9,11,11,24,15,20,30,12-14-16-16,9,9,19-22,17,14,18,15,36-38,11,9
AB-238b,J2a-CTS900-C,12,23,15,10,13-16,11,15,12,13,11,29,17,9-9,11,11,24,15,20,30,12-14-15-16,9,9,19-22,17,14,17,15,40-40,11,9
AB-239 (A+S+I),J2a-L26-Z43986,12,23,15,10,15-20,11,14,13,13,11,29,19,9-9-9,11,11,25,14,20,34,13-13-14-16-16-17,11,10,19-20,15,14,18,23,34-35-38,11,10
AB-240,J2a-Mez,12,24,14,11,16-16,11,15,12,13,11,30,15,8-9,11,11,18,15,19,26,11-15-16-17,9,10,19-22,16,14,18,16,32-34,12,9
AB-241,J1-Z1828,12,23,15,10,12-12,11,13,12,14,11,30,17,8-9,11,11,27,14,21,28,14-14-15-15-15-15,10,10,20-22,14,13,18,19,35-36,12,10
AB-242,R1b-L21-Y125246?-Ki,13,24,14,11,11-14,12,12,12,13,13,29,18,9-10,11,11,25,15,20,29,15-15-16-17,12,11,19-23,16,15,17,18,36-40,12,12
AB-243,E1b-V65?-166249,13,24,13,10,16-17,11,12,12,12,11,29,15,9-9,11,11,27,14,20,32,15-16-16-17,11,10,19-21,15,12,17,19,34-34,11,10
AB-244,E1b-M84?-113292,13,24,13,10,16-17,11,12,12,13,11,32,19,9-9,11,11,25,14,20,32,15-15-16-17,11,10,18-22,16,13,17,20,30-33,12,10
AB-245,E1b-M81?-CTS12227,13,24,13,9,13-14,11,12,10,14,11,30,18,9-9,11,12,24,14,20,32,14-15-16-17,11,11,19-22,16,13,18,22,36-36,12,10
AB-246,E1b-M81?-H,13,24,13,9,13-14,11,12,11,14,11,30,18,9-9,11,12,24,14,20,32,14-16-16-17,11,11,22-22,16,13,17,23,35-38,11,10
AB-247,E1b-M81?-C,13,24,13,9,13-15,11,12,11,14,11,30,18,9-9,11,12,23,14,20,31,14-14-16-16,10,11,19-22,16,13,19,22,37-37,12,10
AB-248,E1b-V13-BY4518,13,24,13,10,15-18,11,12,12,13,11,30,16,9-9,11,11,25,14,20,30,16-17-17-17,9,11,19-21,17,12,18,20,34-34,11,10
AB-249,E1b-V12?-I,13,23,13,11,16-16,11,12,12,14,11,31,15,9-9,11,11,25,14,19,35,13-15-15-17,11,10,19-22,16,12,15,18,34-36,12,10
AB-250,E1b-Z841?-V,14,25,13,9,17-17,11,12,11,13,11,30,16,9-9,11,11,27,14,20,31,17-17-17-18,11,10,19-22,15,13,19,19,32-36,13,10
AB-251,G-L140-CTS4803,14,22,16,10,15-15,11,11,12,12,11,29,16,9-9,11,11,23,16,21,31,12-12-13-14,10,11,20-20,15,12,14,20,37-40,11,10
AB-253,J2a-L26?-M,12,23,14,10,13-17,11,15,11,13,11,29,15,8-9,11,11,28,14,20,31,13-14-14-15,10,10,21-22,17,14,18,19,37-38,11,9
AB-256,J1-YSC76-FGC8224-FT30333,12,23,14,10,14-16,11,16,11,13,11,30,17,8-9,11,11,25,14,21,26,13-14-15-17,11,10,22-22,15,14,19,18,31-35,11,10
AB-256b,J1-YSC76-FGC8224-FT30333b,12,23,14,10,13-16,11,17,11,13,11,30,17,8-9,11,11,25,14,21,25,13-14-16-17,11,10,22-22,15,14,18,18,33-35,11,10
AB-256c,J1-YSC76-FGC8224-FT30333c,12,22,14,11,13-16,11,16,11,13,11,30,17,8-9,9,11,25,14,21,26,12-14-16-16,11,10,22-22,15,14,20,16,32-36,11,10
AB-257,J2a-L25?-A,12,23,15,10,14-17,11,15,12,14,11,30,16,8-9,11,11,26,15,21,29,12-13-15-16,10,10,19-22,14,15,17,17,34-36,12,9
AB-258,J2a-dM,12,23,17,10,14-16,11,15,10,13,11,29,15,8-9,11,11,26,16,21,31,12-13-16-16,10,12,19-22,15,14,15,16,37-39,12,9
AB-259,J2a-B,12,25,15,9,14-16,11,15,11,13,11,30,18,8-9,11,11,16,15,19,28,14-17-18-18,11,10,19-22,14,13,18,19,32-35,11,9
AB-260,R1b-P,13,24,14,10,11-15,12,12,12,14,13,31,16,9-9,11,11,23,15,18,28,15-16-16-17,11,10,19-21,15,15,17,13,37-38,14,12
AB-261,R1b-R,13,24,14,11,11-14,12,12,12,13,14,29,18,9-10,11,11,25,14,18,31,15-15-17-17,11,10,19-23,15,15,18,17,36-39,12,12
AB-262,R1b-Al,13,24,16,10,12-14,12,12,12,13,13,29,17,9-9,11,11,25,15,19,28,17-17-17-17,12,11,19-21,15,14,17,17,36-37,12,12
AB-263,T-P,13,23,14,10,15-17,11,12,11,14,13,30,18,9-9,11,13,26,14,18,35,11-13-14-16,10,10,23-23,15,14,15,18,35-36,11,9
AB-266,J1-Z18297?-M,12,23,14,10,13-17,11,15,11,14,11,30,18,8-9,11,11,27,14,20,25,13-16-16-16,10,10,19-22,14,12,16,17,33-35,12,10
AB-267,R1b-DF27-FT240956,13,25,14,11,11-13,12,12,12,13,13,29,17,10-10,11,11,25,15,19,29,15-16-16-17,12,10,20-23,15,15,19,18,36-37,12,12
AB-267b,R1b-DF27-FT240956-F,13,26,14,11,11-13,12,12,12,13,13,29,17,10-11,11,11,25,15,18,29,15-15-16-16,11,10,20-23,15,15,17,18,36-36,12,12
AB-269 (A),R1b-M269-M,12,24,14,10,11-14,11,12,12,13,14,29,17,9-10-10,11,11,25,15,19,31,15-16-16-16-16-16,11,10,19-23,17,16,17,17,36-39-40,12,11
AB-270 (A),R1b-M269-PF7563,12,25,14,11,11-14,11,12,12,13,13,29,15,9-10,11,11,24,15,18,29,15-15-16-19,10,10,19-23,16,16,17,17,37-38,12,12
AB-272,R1b-DF27?-T,13,24,15,11,11-14,12,14,12,13,13,28,16,9-10,11,11,25,14,19,28,14-14-15-17,11,11,19-23,15,15,17,17,35-36,12,12
AB-273,R1b-DF27-SK1451,13,24,14,10,11-14,12,12,12,13,13,29,16,9-10,11,11,25,16,19,31,15-15-16-17,10,11,19-23,15,16,20,16,35-38,11,13
AB-274,J1-Z18297?-J,12,23,14,10,13-17,11,17,11,13,11,31,18,8-9,11,11,25,14,20,26,13-13-14-15,11,10,19-22,16,14,17,19,36-37,12,10
AB-275,R2a-M124-B,14,23,15,10,13-17,12,13,11,13,10,31,16,9-10,11,11,26,14,19,31,12-14-14-15,10,10,19-21,17,15,17,19,33-36,11,11
AB-276,E1b-V13-L17,13,24,13,10,16-16,11,12,13,13,11,30,15,9-9,11,11,27,14,20,30,14-16-17-17,9,11,19-21,18,12,17,20,31-34,10,10
AB-278 (A),J1-YSC76-FGC8223,12,24,14,10,15-17,11,18,13,13,11,30,18,8-8,11,11,25,14,20,25,12-14-16-17,11,10,21-22,15,14,18,17,32-35,12,10
AB-280,L-B,12,23,14,10,16-18,11,12,12,13,14,29,16,9-10,11,12,25,16,19,30,15-16-16-17,10,10,19-20,15,13,17,15,33-33,11,10
AB-281 (A),E1b-V13?-P,12,24,13,10,16-16,11,12,11,13,11,30,15,9-9,11,11,28,14,20,30,15-16-17-18,9,11,19-20,17,12,18,21,30-34,11,10
AB-282 (A),E1b-M84-FGC18401-G,13,23,13,10,16-18,11,12,12,12,11,31,16,9-9,11,11,26,14,20,29,13-15-16-16,10,8,19-22,15,12,19,22,30-33,12,10
AB-284,E1b-V65?-B,13,24,13,10,18-18,11,12,10,12,11,29,14,9-9,11,11,26,14,20,32,16-16-16-17,11,10,19-21,14,12,18,20,32-36,12,10
AB-285,E1b-V22?-K,13,24,16,10,18-19,11,12,11,14,11,31,18,9-9,11,11,25,14,20,33,13-16-16-17,11,14,19-22,16,12,17,17,33-33,11,10
AB-286 (A),E1b-V13?-G,13,24,13,10,17-17,11,12,13,13,11,30,15,8-9,11,11,26,14,20,31,16-16-16-16,9,11,19-21,16,12,18,20,32-32,11,10
AB-288,G-PF3147?-C,12,22,15-16,10,13-16,11,12,11,13,11,30,18,9-9,11,12,23,16,23,30,13-14-14-14,11,12,20-20,15,13,18,19,35-38,15,10
AB-289,G-PF3147-BY151073,13,22,14-15,10,14-15,11,13,11,14,11,31,17,9-9,11,11,23,16,19,31,12-13-13-14,10,11,20-20,14,13,19,17,35-38,12,10
AB-290 (A),I2-K,13,22,16,10,16-18,11,13,11,13,12,29,17,8-8,11,11,23,14,20,27,14-14-15-15,11,10,19-21,13,16,18,21,37-37,11,10
AB-291,I2-M223-S12195,14,23,15,10,13-13,11,13,11,13,12,31,16,8-9,11,11,25,14,20,26,14-14-14-15,11,10,19-21,14,15,18,21,36-37,12,10
AB-294,J1-L817-Y214565,12,24,14,10,18-19,11,15,13,14,14,30,17,8-9,11,11,26,14,20,27,13-14-15-16,12,7,19-20,17,14,19,17,31-41,11,10
AB-295,J2a-L26-Z43678,12,22,14,10,13-14,11,15,12,14,12,31,16,8-8,11,11,23,15,20,30,11-13-15-16,11,10,19-22,15,14,17,17,37-39,11,9
AB-296,J2a-M,12,22,14,10,13-14,13,15,12,14,12,31,17,8-9,11,11,24,15,20,28,13-13-15-16,11,10,19-22,15,14,17,18,37-38,11,9
AB-297,J2a-M92?-T,12,22,15,8,14-16,11,15,11,13,11,30,16,9-9,11,11,26,14,20,30,15-15-16-17-17-17,10,10,19-22,15,15,16,16,33-36,11,9
AB-298,J2a-L26?-Ch,12,23,14,10,13-16,11,15,10,13,11,29,15,8-8,11,11,28,14,20,31,13-13-14-14,11,10,19-22,15,14,18,20,38-38,11,9
AB-300,J2a-L25?-K,12,24,15,11,16-17,11,15,12,13,11,29,15,9-9,11,11,26,15,21,30,12-13-16-16,10,10,19-23,15,15,17,16,36-37,13,9
AB-302,R1a-Z93?-M,13,25,16,11,11-14,12,12,10,14,11,32,15,9-10,11,11,24,15,20,32,12-15-15-16,12,12,19-23,17,16,17,19,34-38,12,11
AB-303 (A),R1b-Z2103-FT209833,12,23,14,11,12-15,12,12,13,14,14,29,18,9-10,11,11,25,15,19,30,15-15-16-17,11,12,19-23,17,15,17,16,36-38,12,12
AB-304,R1b-U152-CTS278-BY33646,13,24,14,11,11-15,12,12,12,13,13,29,16,9-10,11,11,26,15,19,29,15-15-17-17,12,10,19-23,16,15,18,16,35-37,12,12
AB-305 (A),R1b-P312?-S,13,24,15,10,12-13,11,12,13,14,13,30,17,9-10-10,11,11,25,15,19,28,15-15-17-17-17-17,11,11,19-23,15,15,17,17,37-38-38,12,12
AB-306,R1b-L21-Z16943,13,25,14,11,10-14,12,11,12,13,13,29,17,9-9,11,11,25,15,18,29,15-15-16-17,11,10,19-23,15,15,19,17,35-39,12,12
AB-307,J1-YSC76-L823-d,12,23,14,10,14-16,11,21,14,13,11,29,17,8-8,11,11,25,14,20,25,14-14-16-16,12,10,21-21,15,14,19,18,33-33,13,10
AB-308,E1b-V12?-S,13,23,13,10,16-16,11,12,13,13,11,29,15,9-9,11,11,25,14,20,34,13-15-15-17,11,10,19-22,17,12,17,18,34-38,12,10
AB-309,G-L293?-G,14,23,15,10,15-18,11,12,12,12,10,29,17,9-9,11,11,23,15,21,30,13-14-14-15,10,10,20-21,14,15,16,17,37-38,12,10
AB-310,J2a-L26-PF5169,12,23,14,10,14-17,12,15,13,13,11,29,15,9-9,11,11,27,15,20,31,14-15-15-16,10,10,19-22,16,14,16,16,33-34,10,8
AB-311,R1b-P312?-M,13,24,14,10,12-14,12,12,12,13,12,29,18,9-10,11,11,25,15,19,29,15-16-17-18,11,11,19-23,16,15,16,16,38-39,11,12
AB-313,T-B,14,23,14,10,13-16,11,12,11,14,13,29,17,9-9,11,12,25,14,20,33,11-13-16-16,11,10,22-23,16,14,17,16,34-37,11,9
AB-314,T-DL,13,24,14,10,14-15,11,12,12,14,13,30,16,9-9,11,14,25,14,19,34,11-13-16-16,10,10,23-24,16,13,16,18,35-38,10,9
AB-315,R1b-L21-BY13693,13,24,14,10,11-12,12,12,14,13,13,29,16,9-10,11,11,25,15,19,29,15-15-17-17,11,9,19-23,15,15,18,18,37-40,12,12
AB-316,E1b-M84-S11387,13,25,15,11,16-18,11,12,12,12,11,28,15,9-9,11,12,26,14,20,32,14-15-15-16,10,10,19-22,14,13,17,19,30-35,13,10
AB-318,G-M,13,24,14,10,15-16,11,12,11,12,12,29,16,9-9,11,11,24,16,21,27,11-14-14-14,10,9,20-20,15,13,15,19,36-37,13,11
AB-319,J2b-L283-Z585,12,24,15,11,14-19,11,15,11,12,11,28,16,8-9,11,11,28,16,19,31,15-15-18-18,10,10,19-20,14,14,17,17,35-40,11,9
AB-320,J2a-L26?-Ca,12,22,14,10,13-14,11,15,12,13,12,29,17,8-9,11,11,21,15,20,31,11-14-15-16,12,10,19-22,15,14,17,17,35-38,11,9
AB-321,J1-ZS2518-Ca,12,23,14,10,13-19,11,16,12,13,11,30,17,8-9,11,10,25,15,20,25,14-15-16-17,10,10,22-22,15,14,16,19,34-36,12,11
AB-321b,J1-ZS2518?-N,12,23,14,10,13-19,11,16,12,11,11,28,17,8-9,11,10,25,14,20,25,14-15-16-17,10,10,22-22,16,14,17,19,34-35,12,11
AB-321c,J1-ZS2518?-L,12,23,14,10,13-19,11,16,12,13,11,30,17,8-9,11,10,25,15,20,25,14-14-16-16,10,10,22-22,15,14,17,18,34-36,12,11
AB-322,G-B,15,21,15,11,13-15,11,12,12,12,11,30,16,9-9,11,11,23,16,23,29,12-14-14-16,10,10,19-20,15,15,16,18,34-39,13,10
AB-323,J2a-M,12,22,14,10,13-14,11,15,11,13,12,30,16,7-8,11,11,21,15,20,31,11-13-15-16,10,10,19-22,15,14,17,17,36-37,11,9
AB-324 (A),R1a-Z93?-M,13,23,15,11,11-15,12,12,9,13,11,31,17,9-11,11,11,24,14,20,32,12-15-15-16,10,12,19-23,17,16,18,19,34-37,12,11
AB-325 (A),R1a-Z93?-A,13,24,17,10,11-13,12,12,10,13,11,30,15,9-10,11,11,24,14,20,32,12-15-16-16,11,11,19-23,17,16,17,20,36-40,12,11
AB-327 (A),R1a-Z283-N,13,25,15,10,12-14,12,12,11,13,11,29,16,9-9,11,11,20,14,20,33,12-12-15-15-15-16,11,11,19-23,17,16,18,17,34-35,14,11
AB-328 (A),R1a-Z283?-S,13,25,16,10,11-14,12,12,11,13,11,30,15,9-9,11,11,23,14,20,33,12-12-15-15-15-16,11,11,19-23,18,15,18,20,34-35,13,11
AB-329,J1-Z18297?-L,12,23,14,10,13-19,11,15,11,14,11,30,17,8-9,11,11,27,14,20,25,13-15-16-16,11,10,19-22,14,12,16,17,32-35,12,10
AB-330,J2a-CTS900-Y11200,12,24,14,10,14-16,11,15,11,15,11,31,21,9-9,11,12,25,15,20,29,12-14-15-15,9,10,19-22,16,14,18,15,33-38,11,9
AB-331,J1-Z640-CTS4510,12,23,14,10,13-17,11,16,11,13,11,31,17,8-9,11,11,24,14,20,25,12-14-16-17,10,10,22-22,14,14,19,19,35-37,12,10
AB-332,R1b-L21-Y125246,13,24,14,11,11-14,12,12,11,13,13,28,17,9-9,11,11,25,15,19,29,15-15-16-17,11,11,19-19,17,15,17,17,35-39,12,12
AB-334,J2a-Sa,12,23,14,11,12-16,11,15,12,13,11,31,19,9-9-9,11,11,19,15,18,29,15-15-15-15-15-15,11,11,22-22,15,13,17,16,33-34-35,11,9
AB-335,I2-Ca,14,25,17,11,13-17,11,13,11,12,11,31,17,8-10,10,12,25,15,21,30,14-14-15-15,10,9,19-19,14,13,17,18,34-35,12,10
AB-336,E1b-M84?-Mu,14,25,13,10,14-18,11,12,13,13,11,30,18,9-9,11,11,28,14,20,36,14-14-16-17,10,11,19-22,15,13,19,20,33-38,12,10
AB-339,E1b-V12?-Ca,13,23,13,10,16-17,11,12,12,13,11,30,16,9-9,11,11,26,14,18,34,13-15-15-17,11,10,19-19,18,12,16,16,35-36,13,10
AB-340,G-L140-Z5856,13,22,15,10,13-16,11,12,12,13,11,30,17,9-9,11,11,23,16,21,30,12-13-14-14,11,11,20-21,17,14,18,18,37-38,12,10
AB-341,G-VD,14,22,15,10,14-15,11,12,12,13,11,30,16,8-9,11,13,22,15,21,30,12-13-14-14,11,10,20-21,17,14,17,18,36-38,12,10
AB-342,G-P303?-M278questionmark-E,14,22,16,10,14-14,11,12,11,12,11,28,16,8-8-8,11,11,23,16,21,27,12-12-12-13-14-14-14-14,11,12,20-20,15,13,18,17,33-33-33,11,11
AB-343,E1b-V13?-L,13,24,13,10,14-18,11,12,12,13,11,30,15,9-9,11,11,26,14,20,32,14-17-17-17,9,11,19-21,16,11,17,19,32-35,13,10
AB-344 (A),J1-FGC11-FGC1695,12,23,14,11,14-18,11,17,11,13,11,29,16,8-9,11,11,26,14,20,25,12-15-16-18,11,10,22-22,14,14,19,20,31-34,12,10
AB-345,J1-PF4869-ZS8811,12,23,14,10,13-19,11,16,11,12,11,29,17,9-9,11,11,25,14,20,25,12-14-16-17,11,10,22-22,15,14,18,18,34-36,11,10
AB-346,J2a-L26-Su,12,24,14,10,13-14,11,13,11,13,11,29,19,9-9,11,11,25,15,21,31,13-13-15-17,11,10,19-22,16,14,19,16,35-37,12,9
AB-347,J1-YSC76?-B,12,23,15,10,13-18,11,16,10,13,11,31,17,8-9,11,11,25,14,20,25,12-16-18-18,11,10,22-22,15,14,17,17,31-38,12,10
AB-349,L-Y16366,11,24,15,10,12-17,11,12,12,13,13,29,15,8-9,11,11,24,16,19,30,15-16-16-17,11,9,19-21,15,14,20,15,33-36,11,11
AB-350,J1-PF4869-L829,12,23,14,10,13-19,11,16,11,13,11,31,17,8-9,11,11,25,14,20,25,12-15-16-17,11,10,22-22,15,14,18,18,32-35,10,10
AB-352,J2a-M92?-Ka,12,22,14,10,12-14,11,15,11,13,11,30,15,9-9-9,11,12,28,14,20,34,12-13-14-14-16-16,10,10,22-22,16,13,17,16,36-37-37,11,9
AB-353,J2a-L26?-J,12,23,14,10,13-15,11,15,10,13,11,29,15,8-9,11,11,26,15,20,32,13-13-16-16,10,10,19-22,15,14,18,17,34-37,12,9
AB-354,J2a-Hu,12,23,14,10,13-16,11,15,10,13,11,29,15,8-9,11,11,25,14,21,30,13-13-15-15,9,11,19-22,16,14,17,16,35-37,11,9
AB-355,J2b-L283?-Go,12,24,14,10,14-17,11,15,12,12,11,28,16,8-9,11,11,27,16,19,30,13-15-15-18,11,10,19-20,13,14,16,17,35-38,11,9
AB-356,R1b-DF27-ZZ12_1,14,23,14,10,11-15,12,12,12,13,13,29,17,8-10,11,11,25,15,19,29,15-15-17-17,9,10,19-23,17,15,19,18,35-37,12,12
AB-357,R1a-Z93?-G,13,25,16,11,11-14,12,12,10,14,11,33,14,9-10,11,11,24,14,21,32,12-15-15-16,11,11,19-23,15,16,17,20,33-38,13,11
AB-358,T-Y3836,13,23,15,10,15-16,11,11,11,13,13,30,16,9-9,11,13,27,14,20,31,11-13-15-16,10,10,23-23,15,13,14,19,35-37,11,9
AB-360 (A),R1a-Z283?-Mar,13,25,16,9,11-14,12,12,11,13,11,29,16,9-10,11,11,23,14,20,35,12-15-15-16,11,11,19-23,16,16,18,19,34-40,14,11
AB-361,G-L30-Fa,14,21,15,11,14-14,11,12,10,12,11,29,17,9-9,11,11,23,15,20,32,12-13-13-13,11,10,20-20,14,15,19,16,34-37,12,10
AB-362,E1b-M84-PF6748-BY11629,13,24,13,10,16-17,11,12,10,13,11,33,17,9-9,11,11,27,14,20,31,15-15-16-16,10,10,18-22,15,13,18,19,30-36,14,10
AB-363,R1b-Z2103?-Ma,12,24,14,10,11-14,12,12,13,13,13,30,16,9-10,11,11,25,15,19,28,15-15-16-18,12,10,19-23,15,15,17,15,35-37,12,12
AB-364,R1a-Z283?-Sa,13,24,17,10,10-13,12,12,11,12,11,29,16,9-9,11,11,23,14,20,33,15-15-16-16,12,11,19-23,16,16,18,19,34-34,13,11
AB-365,T-Fu,13,23,13,10,13-15,11,12,12,13,13,28,16,9-9-9,11,13,26,14,19,35,13-13-15-15-16-16,10,11,23-24,15,15,15,19,33-33-36,11,9
AB-366 (A),R1a-Z93?-Ku,13,26,16,12,11-14,12,12,10,13,11,30,15,9-10,11,11,23,14,19,31,15-15-15-16,11,12,19-23,15,15,19,19,35-39,12,11
AB-367,R1b-DF27?-Co,14,24,14,11,13-15,12,12,11,13,13,30,17,9-10,11,11,25,15,19,30,15-15-17-17,11,11,19-23,16,15,18,17,36-39,12,12
AB-370,J1-M,11,22,14,10,13-19,11,16,11,14,11,31,18,8-8,11,11,25,14,20,25,12-14-16-18,11,10,22-22,14,14,18,17,33-36,12,10
AB-371,R1b-G,13,24,15,10,12-13,12,13,12,14,13,30,14,9-9,11,11,26,14,18,29,14-14-16-18,11,11,23-23,14,16,17,16,34-36,12,11
AB-372,R1b-Al,12,24,14,11,11-15,12,12,13,13,13,31,16,9-10,11,11,25,15,18,31,14-15-16-18,9,11,19-23,15,14,18,17,37-38,12,12
AB-374,J1-C,12,23,14,10,12-20,11,13,13,13,11,29,22,8-9,11,11,28,14,22,30,14-15-15-15,10,10,22-22,15,13,18,19,34-38,12,10
AB-375 (A),G-U1-BY109806,14,23,15,10,13-14,11,12,11,12,11,29,16,7-9-9,11,11,23,16,20,28,12-13-13-13-13-13-14-14,11,11,20-20,17,13,17,17,35-36-37,11,10
AB-376,G-L293?-B,14,23,16,10,15-17,11,12,12,12,10,28,17,9-9,11,11,23,15,21,30,13-14-14-14,11,10,20-21,14,16,17,17,37-38,12,10
AB-377 (A),E1b-Z841?-A,14,24,13,9,16-18,11,12,12,13,11,28,16,9-9,11,11,21,14,20,29,15-15-15-17,11,11,20-22,14,13,17,18,32-35,12,10
AB-379,J2a-M319?-Y5007-O,12,23,14,10,14-15,11,14,12,14,11,31,18,9-9,11,11,25,15,20,32,12-12-13-16,11,11,19-22,16,13,16,19,37-40,10,9
AB-380,G-NM,15,21,15,11,14-15,11,12,13,12,11,28,16,9-9,10,11,23,16,22,32,12-13-14-14,10,10,19-20,15,12,16,19,34-37,10,10
AB-381,R1b-P312?-R,13,24,14,11,12-14,12,13,11,12,13,28,15,9-10,11,11,25,15,19,29,15-16-16-16,12,12,19-23,15,16,19,17,36-40,11,12
AB-382 (A) ?? AB-133??,,,,,,,,,,,,,,,,,,,,,,,,,,,,,,,
AB-383,E1b-M2-C,13,21,15,10,16-17,11,12,13,13,11,30,15,8-9,11,11,25,14,21,30,13-16-17-18,11,12,19-19,16,14,15,18,32-35,11,11
AB-384,E1b-V65?-B,13,22,13,10,17-18,11,12,10,12,11,29,14,9-9,11,11,26,14,20,32,15-16-16-17,10,10,19-21,15,12,17,19,34-35,11,10
AB-385,J1-H,12,23,15,10,13-19,11,16,11,14,11,32,18,8-9,11,11,25,14,21,25,12-14-16-17,11,10,22-22,15,14,19,19,34-37,12,10
AB-386,J2a-L25-FGC53942,12,23,15,10,14-17,11,15,13,14,11,30,16,8-9,11,11,26,16,21,33,12-14-15-16,10,10,19-22,15,14,16,18,38-38,12,9
AB-387,G-U1?-G,13,23,15,10,12-14,11,12,11,12,11,29,17,9-9,11,11,23,16,21,28,12-12-14-14,11,10,19-20,16,13,19,17,35-39,11,10
AB-388,G-U1?-D,15,22,14,10,12-14,11,12,11,12,11,28,15,9-9,11,11,23,16,21,31,11-13-13-14,11,11,18-20,15,13,19,18,35-35,11,10
AB-390 (A) ????,,,,,,,,,,,,,,,,,,,,,,,,,,,,,,,
AB-391,R1b-DF27?-C,13,24,12,11,11-13,13,12,12,13,13,29,19,9-10,11,11,26,15,19,30,15-15-16-18,11,11,19-23,16,14,19,17,36-36,10,12
AB-392,R1a-Z283-M,13,24,16,10,11-14,12,12,10,13,11,31,15,9-10,11,11,24,14,20,32,11-14-15-16,12,11,19-23,15,16,19,20,35-38,12,11
AB-393,R1b-P312?-M,13,24,15,11,11-15,12,12,14,13,13,28,18,9-10,11,11,25,15,19,29,15-15-17-17,11,11,19-24,16,15,19,19,37-39,12,12
AB-394,J1-L,12,23,14,10,11-19,11,16,11,13,11,30,19,8-9,12,11,25,14,19,26,13-13-13-13,11,10,19-22,15,13,17,18,33-35,11,10
AB-395,G-L14-Z45580,14,21,15,10,13-15,11,12,11,13,11,30,16,9-9,11,11,23,16,22,27,12-13-14-14,10,10,19-20,15,14,16,17,31-38,11,10
AB-396,G-BY21756,14,21,15,10,13-15,11,12,11,13,11,29,13,9-9,11,11,22,16,22,30,12-13-14-14,11,10,19-20,16,12,15,18,33-38,11,10
AB-397,J1-YSC76-L823-e,12,23,14,10,14-17,11,17,12,13,11,29,17,8-8,11,11,25,14,20,25,13-13-16-16,11,9,21-23,15,14,20,18,32-32,13,10
AB-398,E1b-V12?-J,13,23,14,10,17-18,11,12,12,13,11,31,16,9-9,11,11,25,14,20,31,14-15-16-17,11,10,19-22,16,12,18,19,33-36,12,10
AB-399,E1b-M84-B406,13,24,13,10,14-17,11,12,14,13,11,32,18,9-9,11,11,25,15,18,32,14-15-16-18,10,11,19-22,16,13,19,16,28-32,13,10
AB-400,E1b-M84-FGC18401-D,13,24,13,10,16-18,11,12,12,12,11,30,16,9-9,11,11,26,14,20,32,13-15-16-16,11,8,19-21,15,12,17,20,31-37,12,10
AB-401,J2a-L70-PF5456-M,13,23,15,9,14-16,11,16,11,13,11,29,14,8-9,11,11,25,14,21,31,10-13-15-16,10,11,19-22,16,14,16,19,36-37,12,9
AB-402,J2a-dS,12,23,14,10,13-16,11,15,11,13,11,31,18,9-9,10,12,25,15,20,28,12-14-16-17,9,9,19-22,16,14,18,14,34-38,12,9
AB-403,J2a-B,12,23,16,10,14-17,11,15,12,13,11,29,14,8-9,11,11,25,14,21,30,12-13-16-16,10,10,19-22,15,14,15,16,35-37,11,9
AB-404,R1b-Z2103?-D,12,25,14,10,10-14,12,13,12,13,13,28,16,9-10,11,11,26,15,19,28,15-15-18-18,11,11,19-23,15,15,19,13,37-37,12,12
AB-405,E1b-G,14,23,15,11,18-18,11,12,11,14,11,32,17,8-9,11,11,25,14,20,36,14-14-15-17,10,10,20-22,16,13,15,19,37-38,11,11
AB-406,E1b-M84-BY36799,13,24,13,10,17-17,11,12,13,13,11,31,18,9-10,11,11,27,14,19,32,15-15-17-18,10,10,19-22,15,13,18,21,30-33,12,11
AB-408,J1-Z18297-ZS2566-N,12,23,15,11,12-18,11,18,11,14,11,33,18,8-9,11,11,24,15,19,25,13-13-14-15,11,10,19-22,16,14,16,19,33-38,12,10
AB-411,J2b-S,12,24,16,10,16-18,11,15,12,12,11,28,15,8-9,11,12,24,14,19,31,14-15-16-17,11,10,19-19,14,14,18,17,33-35,11,9
AB-412,G-L140?-K,14,22,15,9,13-14,11,12,11,12,11,28,15,9-9,11,11,25,16,22,29,12-13-13-13,10,11,20-20,15,13,17,17,34-34,11,10
AB-413,H-M197,12,23,15,10,15-19,11,13,11,13,11,30,17,8-9,11,12,23,14,19,33,11-12-13-15,11,11,19-21,15,12,16,18,35-38,11,10
AB-414,T-L208?-P,13,23,13,10,13-15,11,12,13,13,13,28,17,9-9,11,13,27,14,19,33,13-13-15-16,11,10,23-24,17,15,15,18,34-36,11,9
AB-415,R1b-Z2103?-M,13,23,15,11,11-14,12,12,12,13,13,29,16,9-10,11,11,24,15,19,29,13-15-17-17,11,12,19-24,15,14,17,16,34-39,12,12
AB-417,J1-YSC76-ZS6730,12,23,14,10,12-18,11,16,11,13,11,31,17,8-9,11,11,25,15,20,26,12-13-14-17,11,10,22-22,15,14,17,17,31-38,12,10
AB-418,J2a-L26-Z8079,12,23,15,10,14-18,11,17,12,13,11,31,15,9-9,11,11,26,15,21,32,13-15-16-16,10,10,19-20,15,15,18,15,35-37,11,9
AB-419,E1b-V13?-Ca,13,24,13,10,16-17,11,12,12,13,11,31,15,9-9,11,11,26,14,20,32,14-16-16-18,9,11,19-21,15,12,17,19,29-32,11,10
AB-420 (A),R1a-Z93?-S,13,25,17,11,11-15,12,12,10,13,11,31,14,9-10,11,11,24,14,19,34,13-15-15-16,11,12,19-23,16,16,18,19,36-39,14,11
AB-421,J2a-L1064-BY37605,13,22,14,9,14-17,11,15,12,14,11,30,15,8-9,11,11,26,15,21,31,13-15-16-16,10,10,19-22,15,13,17,17,34-37,12,9
AB-422,J2b-L283?-B,12,24,15,10,13-17,11,15,12,12,11,28,15,8-9,11,11,28,16,19,29,12-14-15-18,10,10,19-20,13,14,17,18,37-39,11,9
AB-423,R1b-DF27?-S,13,25,15,10,11-15,12,12,13,13,13,29,19,9-10,11,11,24,15,18,29,15-16-16-17,11,11,19-23,16,15,16,17,34-38,12,12
AB-424,Q-L245-YP1237,13,22,13,10,15-16,12,12,11,13,15,28,18,9-10,11,11,25,14,19,29,14-15-15-16,11,9,19-19,15,14,18,15,36-37,12,11
AB-425 (A),R1b-P312?-G,13,25,13,11,11-14,12,12,13,13,13,29,15,9-9,11,11,25,15,19,30,15-15-16-17,10,11,19-23,16,14,17,18,38-40,13,12
AB-426,J2a-C,12,23,14,10,13-16,12,15,12,13,11,31,15,9-9-9,11,11,24,14,22,30,12-12-14-15-15-16,10,10,19-22,15,13,17,17,34-36-39,10,9
AB-427,J2a-M,12,23,14,11,14-19,11,15,12,13,11,29,15,8-9,10,11,26,15,20,31,12-13-15-16,10,11,19-23,13,14,18,18,36-38,11,11
AB-428,I2-M223-V,13,24,15,10,16-17,11,13,13,14,12,31,17,8-9,11,11,24,14,20,28,12-14-15-15,11,10,19-22,13,14,17,18,35-36,12,10
AB-429,E1b-M84?-G,13,24,14,10,15-16,11,12,12,13,11,31,18,9-9,11,11,26,13,20,33,14-15-16-17,11,10,19-22,15,13,16,18,30-31,13,10
AB-430,J1-ZS2652,12,23,14,10,12-18,11,16,12,13,11,29,17,9-9,11,11,26,14,20,25,16-16-18-18,11,10,19-22,15,14,17,18,33-33,12,10
AB-431,J2a-M92?-Y,12,22,15,10,12-15,11,15,12,14,11,29,16,9-9-9,11,11,26,15,20,32,12-13-16-16-16-16,10,10,21-23,13,12,17,18,35-36-36,12,9
AB-432,Q-L245-BZ15,13,22,13,10,15-17,12,12,12,13,16,29,16,9-9,11,12,26,14,20,29,15-15-16-16,10,9,19-19,16,14,18,18,34-35,11,11
AB-434,J1-FGC11-BY527,12,23,14,11,13-13,11,17,11,13,11,29,18,8-9,11,11,26,14,20,26,12-13-16-17,11,10,21-22,14,14,19,18,32-36,13,10
AB-435,E1b-V22-BY7025,13,22,14,11,18-20,11,12,12,14,11,29,17,9-10,11,11,24,14,20,35,15-16-16-17,11,11,19-22,15,12,15,19,35-35,12,10
AB-436,J2a-L26-M47,12,23,14,10,13-16,11,15,11,13,11,30,17,9-9,11,12,25,15,21,32,12-13-15-16,11,10,19-22,15,14,17,16,31-38,11,9
AB-437,J2a-CTS900?-M,12,23,14,11,11-16,11,15,13,13,11,30,16,9-9,11,11,25,15,20,30,12-14-16-16,9,9,19-22,15,14,18,15,34-36,11,9
AB-438,G-R,13,22,16,10,14-14,11,12,11,12,11,28,17,9-9,11,11,23,16,21,28,12-12-12-13,10,10,20-20,14,15,20,19,33-36,12,10
AB-439,E1b-Z841-Y16298,14,24,15,9,15-16,11,13,13,13,11,30,17,9-9,11,11,19,14,20,27,14-14-16-17,10,11,19-22,14,13,17,17,33-38,12,10
AB-440,J2a-I,12,23,15,10,13-17,11,15,12,14,11,30,17,9-10,11,12,24,15,20,28,12-14-16-16,10,10,19-22,16,14,18,15,34-37,11,9
AB-441,L-R,12,22,15,10,9-16,11,12,11,13,14,29,17,9-9,10,11,25,16,20,27,15-15-16-16,10,10,19-21,14,13,14,16,33-34,11,10
AB-442,E1b-PF2431-PF2440,13,22,15,9,13-15,11,12,11,13,11,30,16,9-9-9,11,11,24,14,21,34,14-14-15-16-16-17,11,10,19-22,13,13,18,22,33-34-36,11,10
AB-443,E1b-M84-PF6748-G,13,23,13,10,16-16,11,12,12,13,11,30,18,9-9,11,11,26,14,21,33,15-15-16-16,10,10,19-22,15,12,18,19,30-33,14,10
AB-443b,E1b-M84?-A,13,23,13,10,16-16,11,12,12,13,11,31,19,8-9,11,11,26,14,21,35,15-15-16-17,10,10,19-22,15,12,18,19,30-34,13,10
AB-444,T-O,14,23,15,10,14-15,11,12,11,13,13,29,17,9-9-9,11,13,26,14,19,34,11-12-13-13-15-16,11,9,22-23,14,12,14,16,36-36-38,11,9
AB-445,T-L208-PF7443?-E,13,24,15,10,13-16,11,12,11,12,14,27,15,9-9,11,13,25,14,19,32,10-12-15-16,10,10,23-24,15,14,17,18,34-38,11,9
AB-446,R1b-R,13,24,15,10,12-17,12,12,12,11,14,28,18,8-9,11,11,28,14,19,27,14-14-15-16,10,11,19-20,15,13,16,17,39-40,12,12
AB-447,R1b-PH155?,12,23,15,10,11-13,12,12,11,14,13,30,14,9-10,11,11,25,14,19,33,12-14-16-16,10,11,21-23,15,17,19,20,35-38,14,11
AB-448,L-K,11,21,14,9,12-12,11,12,12,12,14,28,15,9-9,11,12,23,15,19,29,15-15-16-16,11,10,22-22,15,14,17,15,34-38,11,10
AB-449,Q-C,13,22,13,10,14-17,12,12,13,13,16,29,17,9-10,11,11,25,14,19,31,14-15-15-16,12,9,19-19,15,14,20,15,35-37,12,11
AB-451,R1a-Z93?-N,13,24,15,10,11-14,12,12,12,13,11,31,15,9-10,11,11,23,14,19,32,12-15-15-16,11,12,19-24,16,16,19,18,35-38,12,11
AB-452,R1b-Z2103?-Y,12,24,14,11,12-16,12,12,11,13,13,28,16,7-8,11,11,25,14,19,28,15-15-16-18,11,11,18-21,15,16,17,18,34-36,12,12
AB-453,J2a-M319?-Y5007-D,12,24,14,10,14-14,11,14,12,13,11,30,16,9-9,11,11,24,14,20,32,12-13-13-16,11,11,19-21,17,13,16,19,37-40,10,9
AB-455,J2a-M410-PF5056,12,24,14,10,13-15,11,14,11,13,11,29,18,9-9,11,11,18,15,19,29,14-18-18-18,11,9,19-21,15,15,18,17,33-33,11,9
AB-456,E1b-V12?-A,13,23,13,10,16-16,11,12,11,13,11,30,16,9-10,11,11,25,14,20,30,15-16-16-17,10,10,19-22,17,12,15,17,35-37,12,7
AB-457,E1b-V65?-E,13,24,13,10,17-17,11,12,11,12,11,29,14,9-9,11,11,27,14,20,32,15-16-16-17,11,10,19-21,15,12,17,21,34-37,11,10
AB-458,J2a-M92-FGC63035,12,22,15,10,13-15,11,15,11,13,11,30,15,9-9,11,11,26,15,20,31,12-13-16-16,10,10,19-22,15,12,18,16,36-38,11,9
AB-459,J2a-L26?-M,12,23,14,10,13-18,11,17,11,12,11,28,19,9-9,11,12,26,15,21,29,12-13-15-16,10,10,18-22,15,15,17,16,36-38,11,9
AB-461,J1-YSC76?-K,12,23,14,10,13-19,11,16,11,13,11,31,18,8-9,11,11,26,14,20,25,14-14-16-16,11,10,19-22,15,14,16,19,31-36,11,10
AB-462,R1b-Z2103?-Z,12,24,14,11,12-13,12,12,11,13,13,29,18,9-10,11,11,25,14,19,29,14-15-16-18,10,12,19-23,15,16,18,17,38-38,13,12
AB-463,J2a-L26?-Z,12,23,14,11,14-16,11,15,11,14,11,31,15,9-9,11,12,24,15,20,31,12-14-15-16,9,10,19-22,17,14,16,15,33-35,11,9
AB-464,G-L140?-S,13,22,14-16,10,13-14,11,12,12,12,11,30,17,9-9,11,11,24,16,21,28,13-13-13-14,10,11,20-20,15,14,18,16,29-38,11,10
AB-467,J2a-L,13,24,13,9,16-17,11,15,11,13,11,31,15,8-9,11,11,18,16,20,28,11-11-13-13,11,12,19-22,15,17,16,16,33-36,12,9
AB-468,R1a-Z93?-B,13,25,16,10,11-11,12,12,11,14,11,33,15,9-10,11,11,24,14,20,35,12-15-15-16,12,12,19-23,16,15,18,20,34-40,15,10
AB-469,E1a-M44-Z31497,13,22,16,9,15-16,11,12,12,13,12,30,16,9-9,11,11,24,16,19,32,15-15-16-16,10,11,18-21,15,13,17,19,34-34,11,10
AB-470,J2a-FT203952,12,25,14,10,14-15,11,14,12,13,11,31,20,8-9,11,11,18,14,19,28,14-18-18-19,11,10,19-22,14,14,18,17,31-34,11,9
AB-471,T-H,13,22,14,10,15-17,11,12,13,13,13,30,16,9-9,11,14,26,14,18,32,11-11-11-13,9,10,22-23,16,14,15,18,36-36,11,9
AB-472,R1a-YP1272?-G,13,24,15,11,12-13,12,13,12,14,13,31,15,9-9,11,11,26,16,20,29,12-16-16-16,12,10,19-23,15,15,18,17,35-36,11,11
AB-473,R1b-P312?-DS,12,24,15,10,11-15,12,12,11,13,13,30,16,9-9,11,11,25,15,19,29,14-15-15-17,11,11,19-23,15,16,17,17,36-37,13,12
AB-474,T-P77?-M,13,23,15,10,14-16,11,12,11,14,13,31,17,9-9,11,13,26,14,19,34,11-14-15-16,10,10,23-24,15,14,16,17,35-36,11,9
AB-476,E1b-V13?-B,13,24,13,10,16-16,11,12,13,13,11,30,16,9-9,11,11,27,14,20,30,15-16-17-18,10,11,19-21,17,12,17,20,32-35,10,10
AB-480,J2a-L70-M318?,12,24,15,9,13-16,11,16,12,14,11,30,14,8-8-9,11,11,26,14,20,30,10-10-12-13-15-15-15-16,10,11,19-22,16,14,14,18,36-36-37,11,9
AB-481,T-P77-K,13,24,15,10,14-15,11,12,11,14,13,30,17,9-9,11,13,26,14,19,35,11-13-16-16,10,10,23-24,15,14,16,16,33-37,11,9
AB-482 (A),T-L208-Y22559,13,22,14,10,15-16,11,12,11,13,14,30,16,9-9,11,13,18,14,21,30,11-13-16-17,10,9,23-23,17,14,16,18,33-37,12,9
AB-483,J1-YSC76-FGC8223?-B,12,24,14,10,14-17,11,16,13,13,11,30,18,8-9,11,11,25,14,20,26,12-14-16-17,11,10,21-22,15,14,18,17,32-35,12,10
AB-484,E1b-M84?-B,13,21,13,10,15-16,11,12,12,13,11,30,18,9-9,11,11,26,14,20,35,14-15-17-17,11,10,19-22,15,13,17,20,31-35,14,10
AB-485,E1b-M84?-F,13,23,13,10,16-16,11,12,11,13,11,31,20,8-9,11,11,25,14,21,35,14-15-16-17,10,10,19-22,15,12,21,19,31-34,13,10
AB-487,E1b-V12?-J,13,23,13,10,16-16,11,12,12,13,11,30,16,9-9,11,11,25,14,18,34,13-15-15-16,11,10,19-22,15,12,16,20,35-37,12,10
AB-489,E1b-V12?-L,13,23,14,10,17-19,11,12,13,13,11,31,16,9-9,11,11,25,14,20,30,14-16-16-17,11,10,19-22,17,12,18,20,34-36,11,10
AB-490,E1b-M84?-N,13,24,13,10,16-18,11,12,12,15,11,32,15,9-9,11,11,25,14,20,35,13-14-15-16,11,11,20-22,15,12,19,20,28-38,11,10
AB-491,E1b-V22?-S,13,23,14,10,18-19,11,11,14,13,11,30,16,9-9,11,11,25,14,21,35,15-16-17-17,11,10,19-21,15,12,18,17,32-34,11,10
AB-492 (A),E1b-M81?-W,13,24,13,9,13-15,11,12,9,14,11,30,19,9-9,11,12,23,14,20,33,14-16-16-17,11,12,19-22,16,13,18,25,31-38,13,10
AB-493,G-U1?-G,13,23,15,10,12-14,11,12,12,12,11,29,19,9-9-9,11,11,23,16,20,27,12-12-12-14-14-14-14-15,12,10,19-20,15,13,16,17,33-34-37,11,10
AB-494,G-U1?-M,14,22,15,10,12-13,11,12,11,12,11,29,18,9-9,11,11,23,16,20,30,14-14-14-14,11,12,20-21,15,13,16,18,36-39,11,10
AB-495,G-L497?-D,14,22,15,10,14-15,11,13,11,12,11,29,17,9-9,11,11,23,16,21,29,12-13-13-13-14,10,11,20-20,16,13,16,17,35-37,11,10
AB-496,G-P303?-H,14,22,15,10,13-14,11,12,11,12,11,28,17,8-9,11,11,22,16,20,27,12-13-13-14,11,11,20-20,16,13,18,19,34-38,11,9
AB-497,G-U1?-M,14,23,15,10,13-14,11,12,12,12,11,30,18,9-9,11,11,23,16,20,26,13-13-13-14,11,11,20-20,17,15,17,18,36-38,11,10
AB-498,R1a-Z93?-S,14,25,16,10,11-14,12,12,10,13,11,30,17,10-10,11,11,24,14,20,30,12-15-15-16,11,10,19-23,15,17,17,18,35-38,14,11
AB-499,R1a-Z283?-E,13,25,17,10,10-15,12,12,12,13,11,30,17,9-10,11,11,23,14,20,33,12-15-15-16,12,10,19-23,16,15,17,19,34-37,12,11
AB-500,R2a-K,13,23,16,10,13-18,12,12,11,14,10,30,18,9-10,11,11,26,14,20,31,12-14-14-15,10,11,19-21,14,15,17,18,35-35,12,11
AB-501,J1-S,13,25,14,9,13-13,11,15,11,13,11,30,19,8-8-9,11,11,25,14,20,25,13-13-15-15-16-16-16-17,10,9,19-23,14,13,17,19,31-33-33,12,10
AB-502,J2a-M92-SK1344?-U,12,22,14,10,12-16,11,15,11,13,11,31,15,9-9,11,11,26,14,21,30,13-13-16-16,10,10,19-22,16,12,18,16,36-40,10,9
AB-503,J2a-M319?-Y5007-O2,12,25,14,10,14-15,11,14,13,13,11,30,15,9-9,11,11,25,15,20,30,12-13-13-16,11,11,19-22,17,14,15,19,36-40,10,9
AB-505,J2a-T,12,23,14,9,15-17,11,15,12,13,11,30,17,9-9-9,11,11,26,15,19,31,12-12-16-16-17-17,10,10,19-22,15,14,18,13,34-36-38,11,7
AB-506,J2a-L70?-B,12,23,16,9,13-16,11,16,12,12,11,28,14,8-9,11,11,28,14,21,32,11-13-15-16,10,11,19-22,15,14,16,18,36-38,12,9
AB-507,J2a-L25-Z7700,12,24,14,10,15-19,11,15,12,14,11,30,16,8-9,12,11,26,15,21,33,12-13-15-15,11,11,19-20,15,15,19,21,37-39,12,9
AB-508,R1b-U152?-S,13,24,14,10,11-11,12,12,12,13,13,29,16,8-10,11,11,24,15,19,30,14-15-17-17,10,11,19-21,17,14,20,17,37-39,12,12
AB-509,R1b-DF27-FT62809,13,24,14,11,12-15,12,12,12,14,13,31,18,9-10,11,11,25,15,19,29,15-15-17-17,11,11,19-23,15,15,18,17,36-38,13,12
AB-510 (A),R1b-P312?-K,13,24,14,11,11-13,12,12,12,13,13,29,17,9-10,11,11,24,14,19,28,15-15-16-17,12,12,19-23,16,15,17,17,38-38,12,12
AB-512,R1b-P312?-C,13,25,14,11,11-14,12,12,12,14,12,30,17,9-10,12,11,25,15,19,29,15-15-16-16,10,11,19-23,15,14,16,17,34-39,12,12
AB-513,R1b-U152?-N,13,23,14,12,11-14,12,12,12,14,13,30,17,9-9,11,11,26,15,20,30,14-14-16-18,11,11,19-21,15,15,19,17,39-39,11,12
AB-514,R1b-Z2103-Y168245,12,23,14,11,11-14,12,12,13,13,14,28,17,9-9,11,11,25,15,19,29,15-15-16-18,11,12,19-23,16,16,17,17,36-39,12,12
AB-515,R1b-Z2103?-Y,12,24,14,11,11-14,12,12,11,13,14,29,17,9-10,11,11,25,15,18,32,15-15-16-18,12,12,19-23,15,16,16,17,34-35,12,12
AB-516,E1b-V12-L,13,23,13,10,14-17,11,12,12,13,11,30,16,9-9,11,11,24,14,19,33,13-15-15-16,11,10,19-22,17,12,17,14,33-34,13,10
AB-517,E1b-V12-H,13,23,13,10,15-16,11,12,12,13,11,30,16,9-9,11,12,25,14,18,36,13-15-15-15,11,10,19-22,15,12,14,18,34-38,11,10
AB-518,J2a-A,12,23,13,11,14-16,11,15,10,14,11,32,14,9-9,11,11,24,15,19,32,12-13-17-18,11,11,20-22,15,12,16,17,37-38,11,9
AB-519,J1-Z640-Z2285,12,23,14,10,13-18,11,16,11,13,11,31,17,8-9,11,11,24,14,20,26,14-16-16-17,10,10,22-22,15,14,18,17,36-36,12,10
AB-521,J2a-L26-BY32862,12,23,13,10,16-17,11,17,13,13,11,29,15,9-9,11,11,26,15,21,31,12-12-15-15,12,10,19-22,15,16,16,17,37-37,11,9
AB-523,G-U1?-I,14,22,15,9,12-13,11,12,11,13,11,31,17,9-9,11,12,23,16,21,28,12-12-15-15,11,10,19-20,13,13,19,18,38-38,12,10
AB-524 (A),T-P77-PF4074?-S,13,23,14,10,14-16,11,12,11,14,13,30,17,9-9,11,13,27,14,19,33,11-13-16-17,10,10,23-24,16,14,16,17,35-38,12,9
AB-525,R1a-Z93?-K,14,25,16,10,11-13,12,12,10,13,11,30,15,9-10,11,11,23,14,20,33,12-15-15-16,11,11,19-23,16,16,18,18,34-39,14,11
AB-526,E1b-M84?-Z,13,24,13,10,15-16,11,12,12,13,11,31,16,9-9,11,11,26,14,20,33,13-15-16-17,10,10,19-22,15,13,17,19,33-33,13,10
AB-527,E1b-V65-BY8823,13,24,13,10,18-18,12,12,10,12,10,29,14,9-9,11,11,27,14,20,31,15-16-16-17,10,10,19-21,14,12,15,20,32-36,11,10
AB-528,E1b-M81-MZ244,13,24,14,9,13-14,11,12,10,14,11,31,20,9-9,11,13,24,14,20,32,13-14-16-17,11,11,19-22,16,13,17,22,35-38,12,10
AB-529,E1b-V13?-M,14,26,13,10,14-18,11,13,11,12,11,29,16,9-9,12,11,29,14,20,33,13-14-16-17,11,10,19-21,16,13,18,20,32-36,14,10
AB-530,J1-H,12,23,14,10,12-19,11,13,11,14,11,30,19,8-9,11,11,26,14,21,29,14-15-15-16,11,10,20-22,15,12,16,20,33-38,12,10
AB-531,J2a-L26?-B,12,23,14,10,13-16,11,15,11,14,11,30,15,9-9,11,11,24,16,20,34,13-13-15-16,10,10,19-22,15,14,18,15,36-36,12,9
AB-532,J2a-S,12,23,15,11,14-15,11,17,12,12,11,29,15,9-9,11,11,26,15,21,31,12-12-15-15,11,10,19-22,15,13,17,16,35-37,11,9
AB-533,R1b-DF27-Y23968,12,24,14,10,11-14,12,12,12,13,13,29,18,9-9,11,11,24,15,19,29,15-15-16-16,10,10,19-23,15,15,20,17,35-36,12,12
AB-534,R1b-P312?-A,12,25,14,11,11-14,12,12,11,13,14,28,19,9-10,11,11,25,15,19,30,14-15-16-17,11,12,18-23,16,16,18,17,36-37,12,12
AB-535,R1b-Z2103?-P,13,23,14,11,11-14,12,12,12,13,13,29,17,9-10,10,11,25,15,19,31,15-15-16-16-17-17,11,11,19-23,15,15,19,16,37-37,12,12
AB-536,R1b-M,14,24,15,10,12-13,12,13,11,13,13,29,14,9-10,11,11,26,15,18,29,13-14-14-14,11,11,18-22,15,16,18,16,36-37,13,11
AB-537 (A),E1b-M84-PF6748-BY36975,12,24,13,10,16-16,11,12,13,14,11,34,22,9-10,11,11,26,14,20,31,15-16-16-17,10,10,18-22,15,13,16,18,30-35,15,11
AB-539,J1-Z18297?-R,12,23,14,10,13-18,11,18,10,13,11,32,18,8-9,11,11,24,14,23,25,13-13-15-16,10,10,19-19,15,14,17,20,32-36,12,10
AB-540,J2a-L25?-M,12,22,15,9,13-18,11,15,11,14,11,30,15,9-9,11,11,26,15,21,31,14-14-16-16,11,10,19-23,15,14,17,16,36-37,12,9
AB-541,J2a-K,13,21,15,10,16-20,11,14,11,14,11,30,19,9-9,11,11,26,15,20,28,11-14-16-18,11,10,19-22,16,13,20,18,33-38,12,9
AB-542,J2a-L24-FT74299,12,23,14,10,14-16,11,15,11,13,11,30,17,9-9,11,11,25,15,19,32,12-13-15-16,9,10,21-22,15,15,19,16,36-40,12,9
AB-543,T-P77?-M,12,23,14,11,14-16,11,12,13,14,13,32,18,9-9,11,12,25,14,19,33,11-13-15-16,11,10,23-24,15,14,17,17,35-38,12,9
AB-544,E1b-M84?-M,13,24,13,10,13-17,11,12,12,13,11,31,19,9-9,11,11,26,15,21,33,15-15-15-16,10,10,18-22,15,13,17,17,30-36,13,10
AB-545,E1b-M81-K,13,24,13,9,13-15,11,12,10,14,11,30,19,9-9,11,12,23,14,20,32,14-16-16-19,11,11,19-22,15,13,18,22,37-38,12,10
AB-546,E1b-V13-B,14,23,15,10,16-18,11,12,12,13,11,30,15,9-9,11,11,26,14,20,32,14-16-16-17,9,11,19-21,17,12,16,21,32-35,11,10
AB-547,E1b-M84?-K,14,26,14,10,18-18,11,12,11,13,12,29,17,9-9,11,11,26,15,18,35,14-14-14-16,10,11,19-22,15,13,17,19,32-37,12,10
AB-548,E1b-V22-BY6865,13,24,15,10,17-18,11,12,12,12,11,29,15,9-9,11,11,25,14,20,33,15-16-16-17,12,10,19-22,15,12,18,18,34-36,11,10
AB-549,J2a-M319-FT96382,12,23,13,10,13-16,11,15,12,13,9,29,15,9-9,11,11,26,15,20,30,12-13-15-16,12,12,19-22,15,14,16,14,36-37,13,9
AB-550,J1-ZS227?-S,12,23,14,10,13-18,11,17,11,13,11,30,18,8-9,11,11,26,14,0,26,14-14-18-18,11,10,22-22,14,14,18,19,32-33,12,10
AB-552,J2a-A?,12,24,15,10,11-17,11,16,11,14,11,32,15,9-9,11,11,25,15,21,30,13-13-16-16,11,11,19-22,14,15,17,17,36-40,11,9
AB-553,J2b-L283-Z597,12,24,15,10,14-18,11,15,12,12,11,28,16,8-10,11,11,28,16,20,28,13-14-15-18,11,10,19-20,13,14,17,16,34-37,12,9
AB-555 (A),J1-Z18297?-V,13,23,14,11,14-20,11,15,12,14,11,30,17,8-9,11,11,27,14,20,25,13-15-16-16,11,10,19-22,14,12,16,17,32-36,12,10
AB-556,T-P77-BY88022,13,23,14,9,14-16,11,12,11,14,13,31,17,9-9,11,12,26,14,19,33,11-15-15-17,11,10,23-23,16,14,18,17,36-39,12,9
AB-557,R1b-P312?-D,13,23,14,11,11-11,12,12,12,13,14,29,17,9-9-9,11,11,25,15,19,30,15-15-15-16-16-16,10,11,19-23,15,15,18,17,34-37-38,12,12
AB-558,R1b-H,13,24,15,11,11-15,12,12,12,13,13,28,16,9-10,11,11,25,15,19,29,15-15-17-17,11,11,19-24,17,15,18,20,38-40,12,12
AB-559,J1-O,12,23,14,10,13-18,11,16,12,13,11,29,17,8-9-9,11,11,25,14,20,26,12-15-15-16-16-17,11,10,22-22,14,14,19,19,33-33-35,13,11
AB-561,E1b-M84-FGC18401-Y141288,13,23,13,10,17-18,11,12,12,12,11,30,17,9-9,11,11,26,14,20,32,13-15-16-17,11,8,19-21,15,12,19,21,30-35,12,10
AB-562,G-U1?-S,14,23,15,10,13-14,11,12,12,12,11,29,17,9-9,11,11,23,14,20,26,13-13-13-14,10,11,20-20,17,15,17,16,34-37,11,10
AB-563,I2-M223-H,14,23,15,10,16-17,11,13,13,14,12,31,18,8-9,11,11,25,14,20,28,12-14-15-15,11,10,19-22,13,15,17,19,36-36,12,10
AB-564,E1b-M84?-S,14,24,13,10,15-17,11,12,11,13,11,30,16,9-9,11,11,26,14,20,32,14-15-17-17,10,10,19-22,15,12,19,18,34-40,12,10
AB-565,G-S,13,22,15,12,14-14,11,12,12,13,11,29,18,9-9,11,11,23,16,21,29,13-13-14-14,11,10,20-21,14,10,17,17,36-39,11,9
AB-566,T-P77?-M,13,23,14,11,14-17,11,12,11,13,13,30,17,9-9,11,13,25,14,19,34,11-11-15-16,10,10,22-23,16,14,16,18,36-37,11,9
AB-567,R1a-Z93?-K,13,24,16,10,11-14,12,12,11,13,11,30,15,9-10,11,11,24,14,20,33,12-14-15-16,11,12,19-23,15,16,17,19,33-42,13,11
AB-567b,R1a-Z93?-C,13,24,15,10,11-15,12,12,11,13,11,30,15,9-9,11,11,24,14,20,33,12-14-15-16,11,12,19-23,16,16,17,19,33-44,13,11
AB-567c,R1a-Z93?-T,13,24,15,10,11-14,12,12,11,13,11,30,15,9-10,11,11,24,14,20,32,12-14-15-16,10,12,19-23,15,16,17,18,33-42,13,11
AB-568,J1-D,12,23,14,10,12-20,11,13,12,13,11,29,20,8-9,11,11,28,14,21,30,14-15-15-16,10,10,22-22,15,13,17,18,34-39,12,10
AB-569,J2a-L210?-S,12,23,14,11,14-16,11,16,12,13,11,29,15,9-9,11,11,26,15,20,29,12-16-17-17,11,10,19-22,16,14,17,17,34-39,12,9
AB-570,J2a-L25-Z387,12,23,15,10,13-15,11,14,13,13,11,29,15,8-9,11,11,26,15,20,31,12-13-15-16,11,11,19-22,14,14,16,18,34-37,12,9
AB-571,J2a-L26?-J,12,23,15,10,13-16,11,15,11,13,11,29,15,8-9,11,11,25,15,21,30,12-13-15-16,10,11,19-22,16,14,16,16,35-37,12,9
AB-572,J2a-L70-M318?-L,12,24,15,9,13-15,11,16,11,13,11,29,14,8-9,11,11,26,14,21,30,10-13-15-16,10,11,19-22,16,14,16,18,36-36,12,9
AB-573,J2a-U,12,23,14,10,13-14,11,15,12,14,11,31,16,9-9,11,11,24,14,21,30,12-12-16-17,10,13,19-22,15,15,17,16,36-40,11,9
AB-574,J2a-H,12,23,14,10,13-17,11,18,12,14,11,31,16,8-9,11,11,23,15,20,31,13-13-14-16,11,10,19-22,19,13,18,16,35-37,12,9
AB-575,J2a-M410?-T,12,24,14,10,14-16,11,15,11,14,11,30,16,9-9-9,11,11,25,16,20,30,13-15-15-17,11,10,21-22,15,13,19,18,33-35-37,10,10
AB-576,J2a-L70?-S,12,23,15,9,13-16,11,16,11,13,11,29,15,8-9,11,11,26,14,21,32,11-13-15-16,10,12,19-22,16,14,17,19,35-39,12,9
AB-577,E1b-M84?-S,13,25,14,11,16-17,11,12,12,13,11,32,16,9-9,11,11,25,14,20,33,11-15-16-16,10,10,19-22,16,13,17,19,30-34,13,10
AB-581,J2a-B,12,23,14,10,15-17,11,15,11,13,11,30,15,8-9,11,11,26,16,21,32,13-13-15-15,11,11,19-23,15,13,20,18,36-36,12,9
AB-582,J2a-Z,12,24,15,10,12-17,11,15,13,12,11,28,16,8-9,11,11,24,16,20,31,13-15-15-17,11,10,19-20,13,14,18,17,36-39,11,10
AB-583,R1b-B,12,25,15,11,12-13,11,12,12,13,13,29,18,9-10,11,11,24,14,19,31,15-15-17-17,10,10,17-23,15,17,18,17,38-40,12,13
AB-584,J2a-M92?-Z,13,22,15,10,14-14,11,16,13,13,11,30,16,9-9,11,11,26,14,20,31,13-13-15-15,10,10,19-22,15,13,16,15,35-42,11,9
AB-585,R1b-S,13,24,14,11,12-14,13,12,12,13,13,29,18,9-10,11,11,25,15,19,29,15-16-18-18,11,11,19-23,15,15,15,16,37-37,11,12
AB-586,E1b-M84?-M,14,24,13,11,16-17,11,12,12,13,11,31,18,9-10,11,11,27,14,19,34,15-15-16-18,10,10,19-22,15,13,18,20,32-33,13,10
AB-587,E1b-M84?-K,15,24,13,10,16-17,11,12,11,13,11,29,15,9-9,11,11,27,14,20,29,13-15-15-16,11,10,19-22,16,13,16,18,32-35,13,10
AB-590,J1-YSC76-BY66,13,23,14,10,13-19,11,16,11,13,11,30,17,8-9-9,11,11,25,14,20,26,12-14-14-16-18-18,12,10,22-22,15,14,18,17,31-37-37,12,10
AB-591,J2a-L26?-U,12,23,15,10,13-19,11,15,11,13,11,30,15,8-9,11,11,26,15,20,33,12-14-15-16,11,11,19-22,17,14,16,17,35-38,12,9
AB-592,J2a-A,12,24,14,10,13-14,11,15,11,14,11,31,17,9-9,11,11,26,14,20,33,13-13-15-15,11,11,19-22,17,14,16,18,35-35,11,9
AB-593,E1b-M84?-E,13,24,13,10,16-16,11,12,12,13,11,30,18,9-9,11,11,25,14,20,33,15-15-15-16,11,10,20-22,16,12,16,18,35-36,12,10
AB-594,J1-FGC11?-B,12,23,14,11,13-18,11,16,11,13,11,30,19,8-9,10,11,26,14,20,25,12-14-16-17,10,10,22-22,14,14,18,16,32-35,11,10
AB-595,J1-S,12,25,14,11,12-18,11,15,12,13,11,30,18,8-9,11,11,25,14,19,28,14-15-17-17,10,10,19-22,15,14,19,19,36-37,15,10
AB-596,J2a-S,12,24,14,11,13-14,11,14,13,13,11,30,19,9-9,11,11,18,14,19,28,14-16-17-18,10,10,19-22,14,14,17,17,32-34,11,9
AB-598,R1a-Z93?-A,13,25,16,10,11-15,12,12,10,13,11,31,17,10-10,11,11,25,14,20,33,12-14-15-16,11,12,19-23,15,17,20,18,36-42,12,11
AB-599,R1b-Z2103?-C,12,23,14,11,11-14,12,12,12,13,13,29,18,9-10,11,11,25,15,19,29,15-15-15-17,10,11,19-23,16,15,16,18,37-40,11,12
AB-600,R1b-P312?-P,13,22,14,10,11-14,13,12,11,13,13,29,17,9-10,11,11,25,15,19,30,15-15-16-17,12,11,19-23,15,15,19,18,37-37,12,12
AB-601,J2a-H,12,23,14,10,14-16,11,15,11,13,11,29,15,8-9,11,11,28,14,21,31,13-14-14-15,10,10,19-22,16,14,17,20,37-40,11,9
AB-602,E1b-V22?-C,14,24,16,11,18-19,11,12,13,13,11,29,18,8-9,11,11,25,14,19,32,16-17-17-17,11,12,19-22,16,12,18,19,34-35,11,10
AB-603,T-L,13,23,14,10,16-16,11,12,11,14,13,32,17,9-9,11,12,26,14,19,34,11-13-16-16,10,11,23-24,14,14,16,18,36-38,11,9
AB-604,T-C,12,24,14,10,15-16,11,12,11,14,13,30,18,9-9,11,13,26,14,19,32,11-13-16-17,10,10,23-24,17,14,16,17,38-40,11,9
AB-605,T-P77?-H,13,23,14,10,14-16,11,12,11,14,13,32,18,9-9,11,13,25,14,19,33,11-13-15-16,11,10,23-23,15,14,17,17,35-37,11,9
AB-606,E1b-M84?-V,13,24,14,10,16-17,11,12,12,13,11,31,17,9-10,11,11,27,14,19,32,14-15-17-18,10,10,19-22,15,13,17,19,30-33,12,10
AB-607,E1b-V13-M,13,24,14,10,17-18,11,12,12,13,11,30,15,9-9,11,11,25,14,20,33,15-16-17-17,10,13,19-21,17,12,16,19,30-33,11,10
AB-609,J2a-I,12,23,14,10,13-16,11,16,12,14,11,30,16,9-9,11,11,26,15,19,31,12-13-15-15,10,11,19-24,15,14,17,16,35-38,12,9
AB-611,R1b-Z2103?-M,12,24,14,12,11-15,12,12,12,12,14,27,17,9-10,11,11,25,15,19,30,15-15-16-18,10,12,19-23,15,16,20,17,35-37,11,12
AB-612,R1b-P312?-B,13,24,14,11,11-14,12,12,11,13,13,29,17,0-0,11,11,25,15,19,28,0-0,10,11,19-23,16,15,18,17,0-0,12,12
AB-614,T-H,12,22,14,10,16-17,11,12,11,13,13,31,16,9-9,11,12,25,14,19,36,11-11-11-15-16-16,11,11,23-24,15,13,18,16,36-37,13,9
AB-615,J2a-L26-BY199718,12,24,14,10,13-16,11,18,12,14,11,31,16,8-9,11,11,23,15,20,31,13-13-15-16,11,10,19-22,18,12,17,16,36-38,12,9
AB-616,J2a-L25?-N,12,24,15,11,17-17,11,15,13,13,11,30,16,9-9,11,11,26,15,21,30,12-13-16-16,10,10,19-23,15,14,17,17,35-38,13,9
AB-617,J2a-L70-PF5456-S,12,23,15,9,13-16,11,16,11,14,11,30,16,8-10,11,11,26,14,22,32,11-13-16-16,11,11,19-22,16,14,17,19,37-40,12,9
AB-618,L-M,11,23,15,10,10-18,11,12,11,15,15,30,18,9-9,11,12,25,15,19,29,12-16-16-16,11,10,18-19,15,13,17,15,33-34,12,10
AB-619,T-A,13,24,17,10,13-17,11,12,11,13,13,29,15,9-9,11,13,25,14,20,34,12-13-14-17,10,10,21-24,15,15,15,18,35-37,11,9
AB-621,R1b-DF27?-A,13,23,14,11,11-14,12,12,12,12,11,29,19,9-10,11,11,25,15,18,31,15-15-17-17,11,12,19-23,16,16,17,18,37-38,12,12
AB-622,E1b-BY28614?,13,24,13,10,18-19,11,13,12,14,11,31,15,9-10,11,11,26,14,20,30,14-16-16-17,10,12,19-22,15,12,19,19,31-34,12,10
AB-623,E1b-V65?-R,13,24,13,10,17-18,11,12,10,12,11,29,14,9-9,11,11,28,14,20,32,15-15-16-16,10,10,19-21,15,12,18,22,33-36,11,10
AB-624,E1b-S,13,24,13,10,15-17,11,12,13,14,11,33,20,9-9,10,11,26,15,20,33,14-15-16-16,10,11,19-22,16,13,15,18,34-35,14,10
AB-625,J1-D,12,24,14,9,13-16,11,15,12,14,11,29,17,8-9,11,11,23,14,20,25,14-15-16-17,11,9,19-22,16,14,18,18,31-35,12,10
AB-626,J1-FGC11-FT61401,12,23,14,10,13-18,11,17,12,13,12,30,17,8-9,11,11,25,14,19,26,12-14-16-16,11,10,22-22,13,14,19,18,37-38,12,10
AB-627 (A),N-L1027,14,23,15,11,11-14,11,12,10,15,14,32,16,8-9,11,12,26,14,20,27,13-13-15-15,11,11,18-20,12,15,18,20,36-36,14,10
AB-628,R1b-P312?-Z,13,23,16,11,10-14,12,12,13,13,13,29,17,9-9,11,11,24,14,19,30,14-15-16-17,10,11,19-23,15,16,18,16,37-38,12,12
AB-629,J2a-L26?-S,12,23,15,11,12-19,11,16,14,13,11,30,17,8-9,11,12,26,15,23,31,12-13-15-16,10,11,19-23,16,14,18,17,37-39,12,9
AB-630,E1b-V13?-B,13,24,13,10,16-21,11,12,11,13,11,30,15,9-9,11,11,26,14,20,33,13-16-17-17,9,11,19-21,16,12,17,19,30-36,12,10
AB-632,E1b-M84?-Z,12,23,13,10,16-16,11,12,12,13,11,32,19,8-9,11,11,24,14,21,31,16-16-17-17,10,9,19-21,15,14,17,22,33-36,12,10
AB-633,J2a-T,13,24,14,10,14-17,11,15,11,12,11,30,18,8-8,11,11,26,15,19,28,15-16-16-17,11,9,20-20,14,14,17,15,34-39,11,10
AB-634,E1b-old?-M,15,24,13,10,17-17,11,12,13,14,11,32,16,8-9,11,12,28,14,20,32,16-17-17-18,11,11,19-22,15,13,19,19,33-35,12,10
AB-635,E1b-old?-N,15,24,13,11,16-18,11,12,11,13,12,31,15,9-9,11,11,27,14,20,31,13-16-16-17,11,11,19-22,15,13,17,17,32-34,13,10
AB-636,J1-G,12,22,14,10,13-17,11,15,13,13,11,30,17,8-9,11,11,25,14,19,25,13-14-17-17,10,10,19-22,15,14,16,19,32-36,11,10
AB-637,J2a-L25-Z37576,12,23,13,10,13-18,11,15,12,13,11,31,16,8-9-9,11,11,26,15,21,33,12-13-14-16-16-17,10,12,19-19,15,16,16,17,35-35-36,11,9
AB-638,T-P,14,23,14,10,14-18,11,12,11,14,13,30,18,9-9,11,12,23,15,19,32,11-11-15-16,11,10,22-24,15,13,18,17,34-36,13,9
AB-639,J2a-L70?-A,13,23,15,9,16-16,11,16,12,13,11,29,14,8-9,11,11,26,14,21,31,11-13-15-16,10,11,19-22,16,14,17,17,38-42,12,8
AB-640,J2a-L26?-M,12,25,14,10,13-19,11,15,13,13,11,29,15,9-9,11,11,26,15,20,27,13-16-16-17,11,10,19-19,16,14,17,17,33-38,11,9
AB-641,R1b-L21?-M,13,24,14,11,11-14,12,12,12,13,13,30,18,9-9,11,11,25,15,19,29,15-15-16-17,11,11,19-23,17,15,17,17,35-40,12,12
AB-643,R1a-Z283?-T,13,25,16,11,11-14,12,12,10,13,11,29,15,9-10,11,11,24,14,20,31,12-15-15-16,11,11,19-23,15,16,17,18,34-38,13,11
AB-644,R1a-Z93?-B,13,25,16,10,11-11,12,12,11,13,11,31,15,9-10,11,11,24,14,20,35,12-14-15-16,12,12,19-23,18,15,18,19,34-40,14,10
AB-645,E1b-V13?-A,13,23,13,10,16-19,11,12,11,13,11,30,15,9-9,11,11,26,14,21,30,14-16-17-17,9,12,19-21,16,12,18,20,32-34,11,10
AB-646,J2a-M319-Y5007-FGC17726,12,24,14,10,14-15,11,14,12,14,11,31,17,9-9,11,11,25,15,20,34,12-13-13-16,11,11,19-22,17,13,16,20,37-39,10,9
AB-647,J2a-L25?-M,12,22,14,9,14-19,11,15,12,15,11,31,15,9-9,11,11,27,15,21,31,13-16-16-16,11,10,19-23,15,14,17,16,35-36,12,9
AB-648,H-B,13,22,14,12,12-12,11,12,12,12,11,27,17,8-9,11,11,23,15,20,29,12-12-14-16,10,11,17-17,15,14,17,15,34-35,11,11
AB-649,Q-BZ4505,13,24,14,10,13-17,12,12,13,13,13,30,17,9-10,11,11,27,16,18,33,14-16-16-17,10,10,19-24,15,15,19,22,35-38,12,11
AB-649b,Q-G,14,25,14,10,13-17,12,12,12,13,13,30,18,9-9,11,11,27,16,18,33,14-14-17-17,10,10,19-24,15,16,19,22,39-39,12,11
AB-650,J1-FGC11?-G,12,23,14,11,13-19,11,17,11,13,11,31,19,8-9,11,11,26,14,20,25,12-15-16-17,10,10,22-22,14,14,18,18,31-35,11,10
AB-651,J2b-M205,12,24,15,11,16-18,11,15,11,12,11,28,15,8-9,11,12,24,14,20,31,14-15-16-17,11,10,19-20,14,13,18,19,33-34,11,9
AB-652,J1-FGC11-FGC19545,11,23,15,10,13-18,11,16,12,14,11,31,18,9-9-9,11,11,25,14,20,26,14-14-15-18-18-18,11,11,22-22,14,15,18,18,34-35-36,13,10
AB-654,G-D,14,22,15,10,14-14,11,12,10,12,11,29,16,9-9,11,11,22,14,20,31,12-13-13-13,11,11,19-19,14,15,19,16,34-37,12,10
AB-656,J2a-L26-Y47477,12,23,14,10,13-16,11,15,11,13,11,29,14,9-9,11,11,24,15,21,31,13-14-15-16,11,10,19-22,16,14,16,14,34-36,11,9
AB-657,E1b-V13?-G,13,24,14,10,15-18,11,12,11,13,11,30,15,9-9,11,11,26,14,20,34,14-16-16-17,9,11,19-21,16,12,17,19,30-36,11,10
AB-658,E1b-V13?-K,13,24,13,10,16-18,11,12,12,13,11,30,15,9-9,11,11,26,14,20,31,14-16-16-17,9,11,19-21,16,12,18,19,31-33,11,10
AB-660,T-T,13,23,13,10,15-17,11,12,12,14,13,31,12,9-9,11,12,27,15,18,33,12-13-13-14-16,11,11,23-24,15,13,17,14,33-34,14,9
AB-661,E1b-V13?-S,12,24,13,10,16-18,11,12,12,13,11,31,14,9-9,11,11,26,14,20,32,14-16-17-17,9,11,19-21,16,12,18,16,32-33,11,10
AB-663,I2-P37-S,12,22,17,10,12-12,11,13,12,13,11,27,16,8-10,11,11,25,14,21,31,11-14-14-15,11,11,11-21,14,12,18,18,33-34,12,10
AB-664,T-B,12,22,14,10,16-16,11,12,11,13,13,30,16,9-9,11,12,25,15,19,35,11-11-15-16,10,11,23-23,16,13,16,16,36-37,13,9
AB-665,T-A,13,23,14,10,14-17,11,12,12,13,13,29,16,9-9-9,11,12,25,14,19,35,11-11-13-13-14-16,11,10,23-24,15,15,16,18,34-36-36,12,9
AB-666,T-M,13,24,14,10,15-15,11,13,12,13,13,30,18,9-9,11,13,25,14,18,35,11-13-15-19,10,10,22-22,15,14,17,17,35-37,12,9
AB-667,J2a-M92?-K,12,22,14,10,13-16,11,15,11,12,11,29,15,9-9,11,11,26,15,21,28,11-13-15-16,10,10,19-22,16,13,16,17,32-37,11,9
AB-668,J2a-L26-B,12,22,16,10,13-16,11,13,12,14,10,31,16,9-9,11,11,24,15,21,30,13-14-15-16,11,10,19-22,15,14,17,17,33-38,11,9
AB-669,J1-YSC76-Z27226,12,24,14,10,13-19,11,15,11,14,11,31,18,8-9,10,12,25,14,20,25,12-14-16-17,10,10,22-22,15,14,19,17,32-36,12,10
AB-670,E1b-M84?-F,13,24,13,10,15-20,11,12,11,13,11,30,15,0-0,11,11,25,14,18,32,0-0,10,10,19-22,14,13,17,19,0-0,13,9
AB-671 (A),R1b-U152?-BY32257questionmark,13,24,14,11,11-14,12,12,12,13,13,29,17,9-10,11,11,24,14,19,28,15-15-16-17,10,11,19-23,14,15,18,17,35-38,12,12
AB-672,J2a-K,13,22,14,9,13-16,11,15,12,13,11,29,17,9-9,11,11,26,15,21,31,13-16-16-17,11,9,19-22,15,14,19,17,35-38,12,9
AB-673,J1-S,12,23,14,10,16-17,11,12,13,14,14,31,17,9-10,11,12,24,16,20,29,15-15-16-17,9,10,19-19,15,14,16,16,34-35,11,10
AB-674,L-M349?-S,13,23,15,10,18-18,11,12,10,15,11,32,18,9-9,11,11,25,14,19,33,13-16-16-17,11,13,19-22,17,12,16,17,33-34,11,10
AB-675,E1b-V22?-A,13,23,15,10,18-18,11,12,10,15,11,32,18,9-9,11,11,25,14,19,33,13-16-16-17,11,13,19-22,17,12,16,17,33-34,11,10
AB-677,J2a-F,13,23,14,10,14-18,11,15,13,14,11,30,16,9-9-9,11,11,27,15,19,31,14-16-16-16-17-17,11,11,19-22,15,14,16,16,31-34-34,12,9
AB-678,J2a-M319-Y5007-FGC17726,12,24,14,10,15-15,11,14,12,13,11,30,18,9-9,11,11,25,15,21,32,12-13-13-16,10,11,19-22,16,13,15,19,37-39,10,9
AB-680,T-P77-PF4074?-H,13,23,13,10,14-16,11,12,11,14,13,31,17,9-9,11,13,27,14,19,35,11-13-14-16,10,10,23-24,16,14,17,16,35-38,12,9
AB-681,E1b-V13?-W,12,24,13,10,17-18,11,12,12,13,11,30,15,9-9,11,11,26,14,19,30,14-14-16-16,9,11,19-21,17,12,17,20,32-34,11,10
AB-682,R1b-C,13,23,14,11,11-14,12,12,12,13,13,30,18,9-9,11,11,24,14,19,29,15-16-17-18,11,10,19-23,17,15,17,17,36-38,13,12
AB-684 (A),J2a-L26?-Z6057questionmark-D,13,23,14,10,13-16,11,15,11,14,11,30,16,9-9,11,11,23,15,21,31,13-13-14-15,10,10,19-22,15,15,19,16,32-37,11,9
AB-685,J2a-CTS900?-A,12,23,13,10,13-14,11,15,12,14,11,32,18,9-9,11,12,24,15,20,30,12-14-15-16,9,8,19-20,16,14,18,15,33-36,10,9
AB-686,J2a-M319-Y5007-Y69687,12,24,14,10,14-15,11,14,11,13,11,30,16,9-9,11,11,25,15,20,31,12-13-13-16,11,11,19-22,16,13,15,18,39-39,10,9
AB-687,G-L30-L141-C,13,21,16,10,11-14,11,12,12,12,11,28,17,9-9,11,11,23,15,21,28,12-13-13-14,10,10,20-20,16,13,18,17,35-36,6,10
AB-688,E1b-PF2431-PF2440?-K,13,22,15,9,14-15,11,12,11,13,11,30,15,9-9,11,11,24,14,21,34,14-14-16-16,11,10,19-22,14,13,18,21,33-34,11,10
AB-689,J2a-CTS900?-M,12,23,15,10,13-15,11,15,12,13,11,30,17,9-9,11,11,24,15,20,30,12-12-14-14,10,9,19-22,17,14,19,15,37-37,11,9
AB-690,T-M,13,23,13,10,13-16,11,12,12,13,13,29,16,9-9,11,12,26,15,20,33,11-11-14-14,10,10,22-25,14,13,17,19,36-36,12,9
AB-691,J2a-M92?-SK1344questiomark-T,12,22,14,10,12-14,11,15,11,13,11,30,15,9-9-9,11,11,26,14,21,34,12-14-15-16-16-16,10,9,19-22,16,13,18,16,37-37-40,10,9
AB-693,J2a-L25?-B,12,23,15,8,14-17,11,15,12,14,11,30,16,9-9,11,11,24,14,20,31,16-16-16-16,10,10,19-22,16,14,18,17,33-34,13,9
AB-694,J2a-L70?-G,13,23,16,9,13-17,11,15,11,13,11,28,15,8-9,11,11,26,14,23,32,11-13-16-17,10,11,19-22,14,15,16,16,34-39,12,9
AB-695,G-U1?-E,14,22,15,11,12-14,11,12,12,12,11,29,18,9-9-9,11,11,23,16,21,26,12-12-12-13-14-14,11,10,20-20,15,13,18,17,35-37-37,11,10
AB-696,E1b-V12?-G,13,23,13,10,16-16,11,12,12,13,11,30,16,9-9,11,11,26,14,20,35,13-14-15-16,11,10,18-22,17,11,17,19,35-35,12,10
AB-697,J2a-M319?-Y5007-N,12,24,14,10,14-14,11,14,12,13,11,30,17,9-9,11,11,26,15,20,32,12-13-13-16,11,11,19-22,18,13,17,21,36-39,10,9
AB-698,R1b-Z2103?-B,12,24,14,11,11-14,12,12,15,14,13,32,17,9-9,11,11,25,15,19,29,15-15-16-17,11,12,19-25,15,16,18,16,35-36,13,12
AB-699,G-O,14,22,16,10,12-14,11,12,11,12,11,29,18,9-9,11,11,23,16,20,31,12-14-14-14,11,12,20-20,15,13,18,17,34-37,11,10
AB-700,R1b-P,13,25,14,10,11-15,11,12,12,13,13,29,15,9-9,11,11,26,15,19,29,15-15-15-17,10,12,19-23,15,16,18,18,36-38,11,12
AB-701,E1b-M81?-A,13,24,13,9,13-14,11,12,10,14,11,30,18,9-9,11,12,22,14,21,32,14-16-16-17,11,11,19-22,16,13,19,21,36-38,13,10
AB-702,E1b-V12?-V32questionmark-S,13,24,11,10,17-17,11,12,11,13,12,31,13,9-10,11,11,25,14,21,31,13-15-16-16,11,11,19-22,16,12,19,16,32-36,11,12
AB-703,J2a-L26?-Z,13,23,14,10,13-16,11,15,11,13,11,29,16,9-9,11,12,26,15,21,25,12-14-15-15,10,10,19-19,15,13,15,16,34-37,11,9
AB-704,J2a-M319?-H,12,23,14,10,14-15,11,13,12,13,11,29,16,9-9,11,11,24,15,20,30,12-12-16-17,10,13,19-22,15,15,18,16,36-38,11,9
AB-705,J1-FGC11?-I,12,24,14,10,13-19,11,17,12,13,12,30,17,8-8,11,11,25,14,19,26,15-15-16-16,11,10,22-22,13,14,20,18,34-34,12,10
AB-706,R1b-P312?-S,13,24,15,11,11-14,12,12,12,13,13,29,16,9-9-10,11,11,25,14,19,29,15-15-16-16-16-16-16-16,11,11,19-22,15,16,19,17,37-38-38,12,13
AB-707,E1b-M81-A,13,24,13,9,13-14,11,13,10,14,11,30,18,9-9,11,12,23,14,20,33,14-16-16-17,11,10,19-22,16,13,18,22,36-38,12,10
AB-708,R1b-P312-FT19913,13,24,14,11,11-14,12,12,12,13,13,29,17,9-9,11,11,25,15,18,29,15-17-17-17,11,11,19-23,15,15,20,17,36-40,12,12
AB-709,I2-M223-A,14,23,15,10,16-17,11,13,12,13,12,30,17,8-8-9,11,11,24,14,20,28,14-14-15-15-16-16,11,10,19-21,15,15,18,21,31-33-34,12,10
AB-710,H-N,13,23,14,10,11-12,11,12,11,13,11,29,16,8-9,11,11,23,14,20,33,12-12-14-15,11,10,17-18,15,14,18,16,32-39,14,10
AB-711,I2-M223-CTS6433,14,23,15,10,15-16,11,13,10,13,12,30,15,8-10,11,11,25,14,20,27,11-14-15-15,11,10,19-21,15,14,17,19,38-40,12,10
AB-712,G-L14-T,14,21,15,9,12-13,11,12,10,13,11,30,17,9-9,11,11,24,16,21,28,11-12-13-14,10,10,19-21,15,14,15,16,35-35,12,10
AB-713,R1b-DF27?-A,12,24,14,12,11-14,12,12,13,13,13,31,17,9-9,11,11,25,15,19,29,15-15-16-16,11,12,19-25,17,16,17,16,35-37,14,12
AB-714,J2a-L25-L243-BY57138,12,22,15,10,14-16,11,15,11,13,12,29,17,8-9,11,11,26,15,21,32,13-13-15-18,12,9,19-23,15,14,18,20,37-37,12,9
AB-715,G-Z,14,22,16,10,14-14,11,12,11,12,11,28,16,8-9,11,11,23,16,21,29,12-13-14-14,10,11,20-20,15,13,17,19,32-32,11,10
AB-716,G-B,14,22,14,10,13-15,11,12,12,12,11,30,17,9-9,11,11,23,16,20,29,13-13-14-15,11,11,20-20,16,13,16,19,32-35,11,10
AB-717,R1b-DF27?-P,13,24,14,11,11-13,13,12,11,13,14,29,17,9-9,11,11,25,15,18,30,14-15-15-18,11,11,19-23,15,15,18,17,37-38,12,12
AB-718,J1-PF7263-BY38105,12,24,13,10,12-19,10,15,14,12,11,29,19,8-9,11,11,24,14,19,30,14-15-15-16-16,10,9,19-22,15,14,18,18,31-39,14,10
AB-719,R1b-DF27?-G,13,24,14,11,11-14,12,12,11,13,13,29,17,9-9,11,10,25,15,19,30,15-15-16-18,10,11,20-23,16,15,19,17,38-40,11,12
AB-720,R1b-Z2103?-C,12,25,14,10,11-12,12,12,12,13,13,29,15,9-9,11,11,26,15,19,30,16-16-18-18,11,12,19-23,15,16,17,17,38-38,12,12
AB-721,T-Z,13,23,13,10,13-16,11,12,12,13,13,29,16,9-9,11,12,26,15,19,34,10-10-14-14,10,10,22-25,14,13,17,18,37-37,13,9
AB-722,T-L,13,23,14,10,14-16,11,12,12,14,13,32,18,9-9-9,11,13,26,14,20,32,11-13-16-16-16-16,10,10,23-24,16,14,16,18,36-36-39,12,9
AB-723,E1b-M84?-Z,13,25,13-16,10,17-17,11,12,11,13,11,32,18,9-9,11,11,26,14,20,33,15-15-16-16,10,10,17-22,15,13,18,18,29-34,14,10
AB-724,G-C,14,22,15-16,10,13-13,11,12,11,13,11,30,17,9-9,11,11,23,16,20,28,13-13-13-14,11,11,20-20,16,15,18,19,32-35,12,11
AB-725,Q-L245?-G,13,22,13,11,14-17,12,12,12,13,15,29,18,9-10,11,11,25,14,19,29,14-14-15-16,11,9,19-19,15,13,16,17,34-37,12,11
AB-726,R1b-DF27?-B,13,24,14,11,11-14,12,12,12,13,13,29,17,9-10,11,11,26,15,19,28,15-15-15-17,11,11,19-22,16,14,17,16,34-38,12,12
AB-727,E1b-V13?-H,14,22,13,10,17-18,11,12,13,13,11,30,15,9-9,11,11,26,14,20,32,14-16-18-18,9,10,19-21,15,12,17,22,32-37,11,9
AB-728,J1-P,12,23,14,10,13-16,11,16,10,12,11,30,17,8-9,11,11,26,14,20,25,13-14-16-17,13,10,22-22,17,14,19,17,33-36,12,10
AB-729,R1b-DF27?-R,13,25,14,11,11-14,12,12,11,13,13,29,17,9-10-10,11,11,25,15,19,31,15-15-16-16-17-17,11,10,19-23,16,15,18,17,38-38-39,12,12
AB-730,R1a-Z93?-S,14,25,15,10,11-14,12,12,10,13,11,31,17,9-10,11,11,24,14,20,32,12-15-15-16,11,10,19-23,15,17,18,18,34-39,15,11
AB-733,H-S,12,22,15,10,14-18,11,12,11,13,11,28,19,9-9,10,12,25,14,19,29,12-12-14-15,10,12,19-21,15,11,17,18,35-37,12,9
AB-734,G-N,14,24,16,10,14-14,11,12,12,12,11,29,18,8-9,11,11,25,15,20,29,12-13-14-14,10,10,20-20,15,13,19,17,36-38,11,10
AB-735 (A),R1a-Z283?-B,13,26,15,10,11-15,12,12,11,13,11,29,15,9-10,11,11,24,14,20,31,12-15-15-16,12,12,19-23,18,16,18,20,34-38,13,11
AB-736,G-FT56736,14,21,15,12,13-15,11,12,12,12,11,29,15,9-9,11,11,23,16,21,29,12-12-12-12,11,10,20-20,16,12,16,17,35-35,12,11
AB-737 (A),R1b-U152-BY62355,13,23,14,11,11-14,12,12,13,13,12,29,17,9-10,11,11,24,15,19,30,15-16-16-16,11,11,19-23,17,15,18,17,37-39,12,12
AB-738,J2b-L283?-R,12,24,15,10,13-17,11,16,12,13,11,29,16,8-9,11,11,28,16,19,30,13-13-15-15,11,10,19-20,13,14,15,18,34-40,12,9
AB-739,G-Z3292,14,22,15,10,14-16,11,12,11,11,11,28,17,9-9,11,11,23,15,21,29,13-13-14-14,11,11,20-21,16,14,16,18,35-35,12,10
AB-740,J2a-M92-SK1344?-T,12,22,15,10,12-15,11,15,11,13,11,29,15,9-9-9,11,11,27,14,21,31,13-13-15-15-15-16,10,10,19-22,16,13,19,16,33-37-38,10,9
AB-741,J2a-M92?-D,12,24,14,10,14-16,11,14,12,14,11,32,16,9-9-9,11,11,19,15,20,29,11-15-15-16-16-17,10,10,19-22,14,15,18,17,32-34-36,11,9
AB-742,J2a-Y,11,23,14,10,13-17,11,16,11,12,11,29,20,9-9,11,11,27,15,20,28,12-13-15-15,10,10,19-20,15,14,18,18,37-37,11,9
AB-743,E1b-M81?-J,13,24,13,9,13-14,11,13,10,14,11,30,17,9-9,11,12,23,14,20,32,15-15-16-18,11,11,19-22,16,13,18,21,36-37,12,10
AB-744,J1-S,12,23,14,10,13-17,11,16,10,12,11,30,18,8-9,11,11,24,14,20,26,12-15-16-17,10,10,22-22,15,14,19,18,32-37,13,10
AB-745,J1-R,12,23,14,10,13-18,11,13,13,13,11,29,19,8-10,11,11,27,14,21,33,14-15-16-17,11,10,20-22,15,13,18,18,31-36,11,10
AB-746,J2a-L70?-B,12,24,15,9,13-17,11,18,11,12,11,28,14,8-9,11,12,26,14,21,34,10-13-15-17,10,11,19-20,16,14,14,17,37-39,11,9
AB-747,E1b-M81?-M,13,23,13,9,14-14,11,12,10,14,11,30,17,9-9,11,12,23,14,20,32,14-16-16-17,12,11,19-22,16,13,17,22,38-38,12,10
AB-748,E1b-V12?-S,13,23,13,10,16-16,11,12,12,13,12,29,16,9-9,11,11,26,14,21,34,13-15-15-17,11,10,19-22,17,12,16,17,33-36,13,10
AB-749,E1b-V13-I,13,24,13,10,15-17,11,12,12,13,11,30,14,9-9,11,11,27,14,20,32,13-16-16-17,9,11,19-21,16,12,16,19,30-35,11,10
AB-750,E1b-M81-T,13,24,13,9,13-14,11,12,11,13,11,29,18,9-9,11,12,23,14,20,32,15-15-16-16,10,10,19-22,15,13,20,22,41-41,12,10
AB-751,J2a-L26?-MA,12,25,14,10,14-19,11,15,12,13,11,29,16,9-9,10,10,26,15,20,33,13-16-16-17,11,10,19-22,16,15,17,19,35-41,11,9
AB-752,E1b-M84?-C,12,24,14,10,16-19,11,12,10,14,11,30,16,9-9,11,11,26,14,21,32,15-15-15-15,10,11,19-22,15,13,16,18,35-35,12,10
AB-753,J1-YSC76?-M,12,23,15,10,13-18,11,16,11,13,11,31,17,8-9,11,11,26,14,20,25,12-14-16-17,11,10,22-22,15,14,17,17,30-38,12,10
AB-754,R1b-Z2103?-P,12,24,13,11,11-14,11,12,12,13,14,29,16,9-10,11,11,26,15,19,30,15-16-17-18,10,10,19-23,17,15,17,18,38-38,13,12
AB-755,R1b-DF27?-L,14,25,15,11,12-14,12,12,12,13,13,30,17,9-10,11,11,25,15,19,31,15-15-16-17,11,10,19-23,15,15,18,20,38-38,12,12
AB-756,J1-YSC76?-P,12,23,15,10,13-18,11,16,11,12,11,30,17,8-9,11,11,24,14,20,25,12-13-16-17,11,10,22-22,15,14,18,17,32-37,12,10
AB-757,T-A,13,23,14,10,14-14,11,14,11,13,13,28,16,9-9,11,13,26,14,19,33,15-16-16-16,10,11,22-22,16,14,15,17,38-39,12,9
AB-758,J1-Z18297?-K,12,23,14,10,13-18,11,16,11,13,11,30,19,8-9,11,10,26,14,20,25,13-13-15-17,11,10,19-22,15,14,15,19,34-36,12,10
AB-759,R1a-Z93?-M,13,25,16,11,11-14,12,12,10,13,11,32,16,9-9,11,11,24,14,20,33,12-15-15-16,12,12,19-22,16,15,18,16,36-37,13,11
AB-760,R1b-U152?-K,13,24,14,10,9-13,11,12,12,13,13,29,18,9-10,11,11,25,14,19,28,15-17-17-17,11,11,19-23,15,15,18,16,37-38,12,12
AB-761,E1b-M81?-B,13,24,13,9,13-14,11,13,10,13,11,29,17,9-9,11,12,23,14,20,33,14-14-16-16,11,11,19-22,15,13,18,22,38-38,12,10
AB-762,G-F,13,22,15,11,14-14,11,12,11,12,11,29,16,9-9,11,11,24,16,21,28,12-13-15-15,10,10,20-21,16,12,16,16,32-34,11,10
AB-763,J1-YSC76?-W,12,24,14,10,14-18,11,16,11,13,11,30,19,8-9,11,11,25,14,20,25,12-14-15-16,12,10,20-22,15,14,18,20,33-37,12,10
AB-764,R1a-Y5-V4683,13,25,15,10,11-15,12,12,11,14,11,32,15,9-10,11,11,25,14,21,33,12-15-15-16,11,12,19-23,15,16,21,19,41-41,14,11
AB-766,J1-YSC76?-S,12,23,14,10,13-18,11,16,12,13,12,30,17,8-10,11,11,25,14,20,25,13-14-16-17,12,10,22-22,15,13,18,18,33-35,12,10
AB-767,J2a-S,12,25,15,10,15-15,11,17,12,13,11,30,17,9-9,11,12,25,14,20,30,12-12-16-16,10,10,19-22,16,15,20,15,33-38,11,9
AB-768,N-S,13,23,14,10,12-14,11,12,10,13,14,29,16,9-9,11,12,28,14,18,27,13-14-14-17,11,10,16-19,15,14,17,17,38-38,11,10
AB-769,J2a-L70?-P,13,23,15,9,13-16,11,15,13,13,11,28,14,8-9,11,11,26,14,21,32,12-14-15-16,10,11,19-22,15,14,17,19,35-37,11,9
AB-770,E1b-V13?-BA,13,24,13,10,16-21,11,12,12,13,11,30,16,9-9,11,11,24,14,20,34,13-16-16-17,10,11,19-21,17,12,18,19,30-35,11,10
AB-771,E1b-V12?-T,14,23,14,10,17-18,11,12,13,14,11,32,16,8-9,11,11,27,14,20,33,14-16-17-17,11,11,19-22,15,13,18,17,34-36,13,10
AB-772,R1b-Z2103?-R,12,24,14,11,11-14,12,12,13,13,14,29,16,9-9,11,11,25,15,19,30,14-15-16-17,11,11,19-23,16,15,17,18,37-38,12,12
AB-773,T-DM,13,23,14,10,14-16,11,12,10,13,14,29,16,9-10,11,12,25,14,19,36,11-12-15-16,11,10,23-24,15,14,16,17,35-37,11,9
AB-774,E1b-M2-A,14,21,15,11,10-16,11,12,11,13,11,33,15,9-9,11,11,23,16,22,30,12-13-14-14,11,10,19-20,15,12,19,18,33-35,11,10
AB-775,J2a-M92?-A,12,23,15,10,14-20,11,17,11,13,11,30,16,9-9,11,11,26,15,21,30,13-13-16-16,10,11,19-20,15,16,19,16,35-36,11,9
AB-776,J2a-L26?-G,12,23,15,10,12-16,11,15,10,13,11,29,15,8-9,11,11,24,14,21,32,12-13-16-17,10,12,19-22,15,15,17,16,38-38,12,9
AB-777,J2a-K,12,23,15,10,14-17,11,15,11,12,11,28,17,8-10,10,11,25,15,19,29,14-15-15-17,11,8,19-20,12,14,19,18,35-38,11,9
AB-778,E1b-M84-PF6748?-H,13,24,13,10,16-18,11,12,11,13,11,30,16,9-9,11,11,26,14,20,31,14-14-16-16,11,10,19-22,15,12,17,20,30-40,14,10
AB-779,R1b-Z2103-Kirkheli,12,24,14,11,11-12,12,12,12,13,13,29,16,9-9,11,12,25,15,19,28,15-15-16-18,11,12,19-23,17,15,18,18,34-38,13,12
AB-780,E1b-S,13,24,14,10,20-20,11,12,12,13,11,30,16,9-9,11,11,25,14,19,29,15-16-16-16,11,11,19-22,15,12,17,19,34-36,12,10
AB-781,E1b-M84-PF6748?-J,13,24,14,10,18-19,11,12,11,13,11,31,17,9-9,11,11,25,14,20,35,14-14-16-16,11,11,19-22,16,12,17,18,36-36,13,10
